codice,tipo,descrizione,pari_dispari,dal_numero,dalla_barra,al_numero,alla_barra,sezione,circoscrizione
5630,Via,òRA DEL GARDA,D,1,,99,,88,1
3355,Piazza,"""TRIDENTE""",D,1,,27,,13,12
3355,Piazza,"""TRIDENTE""",P,2,,26,,13,12
2520,Via,A PRATO,D,1,,19,,19,11
2520,Via,A PRATO,P,2,,22,3,19,11
2520,Via,A PRATO,P,24,,52,,20,11
10,Via,ABBA,D,7,,13,,17,11
10,Via,ABBA,P,2,,14,,17,11
20,Via,ABONDI,D,1,,49,,8,12
20,Via,ABONDI,P,2,,2,,8,12
30,Via,ACONCIO,D,1,,25,,6,12
30,Via,ACONCIO,P,2,,2,,6,12
7875,localita',ACQUAVIVA,D,3,,15,,56,8
7875,localita',ACQUAVIVA,P,6,,10,,56,8
40,Via,ADAMELLO,D,1,,17,,36,10
40,Via,ADAMELLO,P,2,,48,,36,10
50,Piazza,ADAMO D'AROGNO,D,1,,13,,4,12
50,Piazza,ADAMO D'AROGNO,P,2,,12,,4,12
60,Vicolo,ADIGE,D,1,,31,,3,12
60,Vicolo,ADIGE,P,2,,18,,3,12
70,Galleria,ADRIA,D,3,,5,,4,12
70,Galleria,ADRIA,P,4,,4,,4,12
5010,Via,AEROPORTO,D,1,,121,,91,1
5010,Via,AEROPORTO,P,2,,74,,91,1
80,Piazzetta,AGOSTINIANI,D,1,,5,,5,12
80,Piazzetta,AGOSTINIANI,P,4,,4,,5,12
5730,Via,AICHNER,D,1,,47,,89,1
5730,Via,AICHNER,P,2,,4,,89,1
6105,Via,ALBERA,D,1,,69,,71,6
6105,Via,ALBERA,P,8,,52,,71,6
3801,Via,ALBERIONE,D,1,,31,,30,11
3801,Via,ALBERIONE,P,2,,10,,30,11
6464,Via,ALBERTI POJA,D,1,,43,,64,6
90,Via,ALFIERI,D,9,,13,,3,12
90,Via,ALFIERI,P,6,,6,,3,12
100,Corso,ALPINI,D,1,,35,,10,12
100,Corso,ALPINI,P,2,,28,,10,12
6490,Via,ALTENBURGER,D,1,,9,,70,6
6490,Via,ALTENBURGER,P,2,,2,,70,6
110,Via,ALTIPIANI,D,1,,3,,35,10
110,Via,ALTIPIANI,P,2,,10,,35,10
5102,Via,ALTO ADIGE,D,3,,93,,90,1
5102,Via,ALTO ADIGE,P,10,,230,,90,1
5102,Via,ALTO ADIGE,P,232,,232,,81,2
5102,Via,ALTO ADIGE,P,234,,250,,90,1
8600,Via,ALTO SASSO,D,3,,45,,76,4
8600,Via,ALTO SASSO,P,2,,38,,76,4
120,Via,AMBROSI,D,1,,7,,5,12
120,Via,AMBROSI,P,2,,20,,5,12
7264,Via,ANCóNA,D,5,,5,,50,9
7264,Via,ANCóNA,P,6,,16,,50,9
5020,Via,ANDREATTA,D,1,,33,,92,1
5020,Via,ANDREATTA,P,2,,26,,92,1
8111,Via,ANDRóNA,D,1,,7,,79,3
8111,Via,ANDRóNA,P,4,,10,,79,3
130,Piazzetta,ANFITEATRO,D,7,,19,,3,12
130,Piazzetta,ANFITEATRO,P,6,,18,,3,12
6001,Via,ANSELMI,D,1,,17,,67,6
6001,Via,ANSELMI,P,2,,4,,67,6
140,Via,ANTONIO DA TRENTO,D,1,,25,,9,12
140,Via,ANTONIO DA TRENTO,P,2,,24,,9,12
150,Via,ANZOLETTI,D,1,,5,,32,10
150,Via,ANZOLETTI,P,2,,32,,32,10
160,Via,AOSTA,D,1,,17,,33,10
160,Via,AOSTA,P,4,,30,,33,10
8601,Salita,APIARIO,D,1,,5,,76,4
8601,Salita,APIARIO,P,2,,8,,76,4
170,Via,APOLLONIO,D,1,,27,,33,10
5615,Via,APRILE (1945),P,4,,4,,87,1
1770,Lungadige,APULEIO,P,2,,62,,94,12
8000,Via,ARE,D,1,,57,,98,3
8000,Via,ARE,P,4,,8,,98,3
8211,Strada,ARIòL,D,11,,21,,80,3
8211,Strada,ARIòL,P,4,,8,,80,3
7010,Via,ASIAGO,D,1,,17,6,52,9
7010,Via,ASIAGO,P,2,,12,,52,9
7010,Via,ASIAGO,P,14,,14,,45,10
5030,Via,ASILO,D,3,,61,,92,1
5030,Via,ASILO,P,2,,32,,92,1
190,Via,ASILO PEDROTTI (PIETRO),D,1,,15,,25,11
190,Via,ASILO PEDROTTI (PIETRO),P,2,,20,,25,11
8472,Piazza,ASSUNTA,D,1,,27,,82,2
8472,Piazza,ASSUNTA,P,2,,28,,82,2
200,Via,AVANCINI,D,1,,7,,20,11
200,Via,AVANCINI,P,2,,26,,20,11
5038,Via,AVISIO,D,9,,15,,84,1
5038,Via,AVISIO,P,2,,20,,84,1
6050,Via,BòLLERI,D,1,,71,,68,6
6050,Via,BòLLERI,P,2,,52,,68,6
6466,Via,BòLNER,P,4,,8,,66,6
8112,Strada,BACANDI,P,8,,22,,79,3
7020,Via,BANALA,D,1,,15,,50,9
7020,Via,BANALA,P,2,,22,,50,9
210,Via,BARBACOVI,D,1,,9,,23,11
210,Via,BARBACOVI,P,2,,42,,23,11
220,Via,BARTOLAMEO DA TRENTO,P,2,,14,,4,12
5040,Via,BASSA,D,3,,21,,89,1
5040,Via,BASSA,P,2,,42,,89,1
5040,Via,BASSA,P,44,,44,,16,12
6003,Via,BASSANO,D,3,,15,,68,6
6003,Via,BASSANO,P,4,,4,,13,12
6003,Via,BASSANO,P,8,,8,,68,6
6003,Via,BASSANO,P,10,,14,,13,12
6003,Via,BASSANO,P,28,,30,,66,6
3835,Via,BASSETTI,D,1,,11,,52,9
3835,Via,BASSETTI,P,2,,8,,46,10
230,Piazza,BATTISTI,D,1,,31,,3,12
230,Piazza,BATTISTI,P,4,,28,,3,12
6413,Via,BAUER,D,3,,21,,65,6
6413,Via,BAUER,P,4,,16,,65,6
5776,Via,BECCARIA,D,3,,13,,93,1
5776,Via,BECCARIA,P,22,,24,,93,1
6462,Via,BEDóL,D,1,,5,,68,6
6462,Via,BEDóL,P,6,,6,,68,6
240,Via,BELENZANI,D,1,,53,,2,12
240,Via,BELENZANI,P,2,,78,,2,12
8001,Via,BELINA,D,1,,23,,98,3
8001,Via,BELINA,P,6,,80,,98,3
8419,Via,BELLARIA,D,1,,19,,96,2
8419,Via,BELLARIA,P,2,,44,,96,2
8419,Via,BELLARIA,P,46,,46,,82,2
6020,Via,BELLAVISTA,D,1,,43,,69,6
6020,Via,BELLAVISTA,P,2,,46,,69,6
260,Vicolo,BELLESINI,D,1,,11,,2,12
260,Vicolo,BELLESINI,P,2,,6,,2,12
8720,Via,BELVEDERE,D,1,,121,,72,5
8720,Via,BELVEDERE,P,2,,82,,72,5
270,Vicolo,BENASSUTI,D,1,,15,,6,12
270,Vicolo,BENASSUTI,P,2,,8,,6,12
5735,Via,BENEDETTI,D,1,,9,,86,1
5735,Via,BENEDETTI,P,4,,20,,86,1
280,Via,BENEVOLI,D,1,,11,,31,11
280,Via,BENEVOLI,P,2,,22,,31,11
6483,Via,BERGAMINI,D,3,,15,,66,6
6483,Via,BERGAMINI,P,4,,10,,66,6
8730,Via,BERLINA,D,1,,33,,73,5
8730,Via,BERLINA,P,2,,36,,73,5
281,Via,BERLINO,D,11,,11,,16,12
281,Via,BERLINO,P,10,,10,,16,12
8311,Via,BERSALIO,D,1,,7,,98,3
8311,Via,BERSALIO,P,2,,2,,98,3
6465,Via,BERTOLDI,D,3,,3,,64,6
6465,Via,BERTOLDI,P,4,,6,,64,6
3509,Via,BETTINE,D,5,,9,,84,1
3509,Via,BETTINE,D,21,,35,,8,12
3509,Via,BETTINE,P,2,,28,,84,1
3509,Via,BETTINE,P,40,,74,,8,12
290,Via,BETTINI,D,1,,13,,45,10
290,Via,BETTINI,P,6,,24,,45,10
300,Via,BEZZECCA,D,1,,15,,23,11
300,Via,BEZZECCA,P,2,,24,,23,11
310,Via,BEZZI,D,1,,7,,25,11
310,Via,BEZZI,P,2,,10,,25,11
6040,Via,BIANCOSPINO,D,1,,21,,70,6
6040,Via,BIANCOSPINO,P,2,,26,,70,6
7030,Strada,BINDESI,D,1,,17,,51,9
7030,Strada,BINDESI,P,4,,14,,51,9
320,Vicolo,BIRRI,D,3,,11,,6,12
320,Vicolo,BIRRI,P,2,,2,,6,12
330,Via,BóLGHERA,D,3,,67,,35,10
330,Via,BóLGHERA,P,2,,54,,35,10
340,Viale,BOLOGNINI,P,2,,98,,36,10
5070,Via,BOLZANO,D,1,,65,,90,1
5070,Via,BOLZANO,P,2,,50,,90,1
7262,Via,BOMPòRT,D,1,,29,,50,9
7262,Via,BOMPòRT,P,2,,24,,50,9
350,Via,BOMPORTO,D,1,,27,,18,11
350,Via,BOMPORTO,P,2,,26,,18,11
5740,Via,BONAZZA,D,1,,23,,92,1
5740,Via,BONAZZA,P,4,,10,,92,1
360,Via,BONELLI,D,1,,13,,20,11
360,Via,BONELLI,P,2,,8,,20,11
370,I Androna,BORGONUOVO,D,1,,15,,1,12
370,I Androna,BORGONUOVO,P,2,,24,,1,12
380,II Androna,BORGONUOVO,D,1,,19,,1,12
380,II Androna,BORGONUOVO,P,2,,26,,1,12
7335,Via,BORINO,D,1,,75,,60,7
7335,Via,BORINO,P,2,,68,,60,7
3903,Via,BORSELLINO,D,1,,5,,40,10
390,Via,BORSIERI,D,1,,7,,18,11
390,Via,BORSIERI,P,2,,4,,18,11
8488,Via,BORTOLOTTI,D,3,,33,,83,2
8488,Via,BORTOLOTTI,P,2,,16,,83,2
8490,Vicolo,BORTOLOTTI,D,1,,33,,83,2
8490,Vicolo,BORTOLOTTI,P,2,,10,,83,2
3833,Via,BOSCO DELLA CITTà,D,3,,3,,44,10
3833,Via,BOSCO DELLA CITTà,P,2,,10,,44,10
8499,Via,BRòLIO,D,5,,5,,81,2
8499,Via,BRòLIO,P,4,,14,,81,2
8113,Via,BRAIDóN,D,1,,31,,80,3
8113,Via,BRAIDóN,P,8,,10,,80,3
395,Lungadige,BRAILLE,D,1,,3,,8,12
395,Lungadige,BRAILLE,P,6,,30,,8,12
5710,Via,BRATISLAVA,D,11,,23,,93,1
5710,Via,BRATISLAVA,P,16,,28,,93,1
400,Via,BRENNERO,D,35,,73,,6,12
400,Via,BRENNERO,D,79,,139,,14,12
400,Via,BRENNERO,D,157,,159,,14,12
400,Via,BRENNERO,D,165,,185,,14,12
400,Via,BRENNERO,P,14,,132,,6,12
400,Via,BRENNERO,P,138,,138,A,13,12
400,Via,BRENNERO,P,150,,154,,14,12
400,Via,BRENNERO,P,166,,166,,14,12
400,Via,BRENNERO,P,180,,340,,14,12
410,Via,BRENTARI,D,1,,5,1,33,10
410,Via,BRENTARI,P,2,,6,,33,10
7375,Via,BRENZ,D,1,,21,,60,7
7375,Via,BRENZ,P,2,A,34,,60,7
420,Via,BRESADOLA,D,1,,7,,7,12
420,Via,BRESADOLA,P,2,,10,,7,12
430,Via,BRESCIA,D,3,,45,2,16,12
430,Via,BRESCIA,D,47,,47,,76,4
430,Via,BRESCIA,D,49,,139,16,12,12
430,Via,BRESCIA,P,2,,76,1,16,12
440,Via,BRIAMASCO,D,1,,1,,18,11
440,Via,BRIAMASCO,P,2,,48,,18,11
450,Via,BRIGATA ACQUI,D,1,,23,,20,11
450,Via,BRIGATA ACQUI,P,2,,22,,20,11
8002,Strada,BRIGOLINA,P,6,,14,,78,3
460,Via,BRONZETTI,D,1,,31,,24,11
460,Via,BRONZETTI,P,2,,22,2,24,11
3820,Via,BRUGNARA,D,11,,13,,12,12
3820,Via,BRUGNARA,P,2,,12,,12,12
3900,Via,BRUNNER,D,1,,9,,14,12
8210,localita',BRUSADI,D,1,,1,,80,3
470,Via,BUCCELLA,D,1,,13,,28,11
470,Via,BUCCELLA,P,2,,32,,28,11
8603,Via,BUCELLENI,D,1,,29,,76,4
8603,Via,BUCELLENI,P,2,,18,,76,4
5700,Via,BUDAPEST,D,1,,5,,93,1
5700,Via,BUDAPEST,P,4,,38,,93,1
8003,Via,BUNAGA,D,3,,13,,98,3
8003,Via,BUNAGA,P,2,,4,,98,3
480,Corso,BUONARROTI,D,1,,109,,9,12
480,Corso,BUONARROTI,P,4,,80,,9,12
490,Via,BUSA,D,1,,9,,23,11
490,Via,BUSA,P,2,,36,,23,11
500,Via,BUSETTI,D,1,,1,,8,12
500,Via,BUSETTI,P,2,,4,,8,12
8608,Via,CéSA VèCIA,D,1,,11,,76,4
8608,Via,CéSA VèCIA,P,4,,40,,76,4
7775,Via,CéSE LONGHE,D,1,,31,,54,8
7775,Via,CéSE LONGHE,P,2,,26,,54,8
8611,Strada,CòRNO - VANéZE,D,1,,33,,76,4
8611,Strada,CòRNO - VANéZE,P,2,,56,,76,4
8504,Via,CìGOI,D,1,,9,,81,2
8504,Via,CìGOI,P,4,,10,,81,2
8604,Via,CA,D,1,,13,,76,4
8604,Via,CA,P,2,,26,,76,4
8501,Strada,CA COMUNA,D,3,,19,,81,2
8501,Strada,CA COMUNA,P,2,,16,,81,2
3846,Via,CA DEI GAI,D,1,,41,,16,12
3846,Via,CA DEI GAI,P,2,,4,,16,12
8418,Via,CA ROSSA,D,1,,5,,90,1
8418,Via,CA ROSSA,D,9,,21,,96,2
8418,Via,CA ROSSA,P,4,,4,,90,1
8418,Via,CA ROSSA,P,8,,52,,96,2
8116,Strada,CADINE,D,1,,33,,79,3
8116,Strada,CADINE,P,4,,16,,79,3
8650,Strada,CADRIAI,D,1,,99,,76,4
8650,Strada,CADRIAI,P,2,,4,,78,3
8650,Strada,CADRIAI,P,8,,58,,76,4
8650,Strada,CADRIAI,P,60,,64,,78,3
8650,Strada,CADRIAI,P,68,,100,,76,4
8650,Strada,CADRIAI,P,102,,104,,78,3
8650,Strada,CADRIAI,P,110,,110,,76,4
8605,Via,CADUTI DI SARDAGNA,P,4,,8,,76,4
510,Via,CAGLIARI,D,1,,1,,35,10
510,Via,CAGLIARI,P,2,,2,,35,10
8484,Salita,CAóLA,P,2,,8,,83,2
530,Via,CALEPINA,D,1,,81,,1,12
530,Via,CALEPINA,P,2,,52,,1,12
8925,Via,CALMI,D,1,,17,,75,5
8925,Via,CALMI,P,4,,14,,75,5
8118,Via,CAMàN,P,2,,6,,79,3
8117,Via,CAMALGHE,D,3,,9,,79,3
8475,Via,CAMANTOLIN,D,3,,81,,82,2
8475,Via,CAMANTOLIN,P,2,,84,,82,2
6060,Via,CAMILASTRI,D,1,,7,,66,6
6060,Via,CAMILASTRI,P,2,,24,,66,6
6487,Via,CAMèRLI,D,5,,5,,63,6
6487,Via,CAMèRLI,P,2,,8,,63,6
6414,Via,CAMPéL,D,1,,99,,65,6
6414,Via,CAMPéL,P,2,,48,,65,6
6070,Via,CAMPANELLE,D,5,,37,,97,6
6070,Via,CAMPANELLE,P,2,,52,,97,6
8478,Via,CAMPARTA BASSA,D,7,,11,,81,2
8478,Via,CAMPARTA BASSA,P,6,,28,,81,2
8411,Via,CAMPARTA MEDIA,D,3,,71,,81,2
8411,Via,CAMPARTA MEDIA,P,6,,26,,81,2
8512,Strada,CAMPAZ,D,1,,11,,81,2
8512,Strada,CAMPAZ,P,6,,6,,81,2
8495,Via,CAMPI,D,1,,17,,83,2
8495,Via,CAMPI,P,10,,22,,83,2
8005,Strada,CAMPONZIN,D,3,,5,,98,3
3590,Via,CAMPOTRENTINO,D,1,,29,,8,12
3590,Via,CAMPOTRENTINO,P,8,,124,,8,12
8514,Via,CANòPE,D,1,,11,,83,2
8514,Via,CANòPE,P,2,,62,,83,2
5080,Via,CANEPPELE,D,1,,59,,88,1
5080,Via,CANEPPELE,P,4,,66,,88,1
560,Via,CANESTRINI,D,1,,25,,3,12
560,Via,CANESTRINI,P,2,,4,,3,12
8480,Via,CANON,D,3,,9,,82,2
8480,Via,CANON,P,4,,26,,82,2
8205,Via,CANONICA,D,3,,25,,80,3
5090,Via,CANOVA,D,1,,77,,85,1
5090,Via,CANOVA,P,2,,66,,85,1
6401,Via,CANTàNGHEL,P,2,,2,,97,6
8507,Salita,CANTONI,D,3,,7,,81,2
8507,Salita,CANTONI,P,4,,30,,81,2
570,Piazza,CANTORE,D,1,,33,,7,12
570,Piazza,CANTORE,P,2,,34,,7,12
8119,Via,CAPITELLO,D,1,,57,,79,3
8119,Via,CAPITELLO,P,6,,136,,79,3
6080,Via,CAPITèL,D,3,,27,,69,6
6080,Via,CAPITèL,P,4,,82,,69,6
580,Vicolo,CAPITOLO,D,1,,5,,6,12
580,Vicolo,CAPITOLO,P,2,,2,,6,12
590,Piazza,CAPPUCCINI,D,1,,3,,21,11
590,Piazza,CAPPUCCINI,P,2,,2,,21,11
600,Via,CAPPUCCINI,D,1,,75,,22,11
600,Via,CAPPUCCINI,P,2,,14,,22,11
5420,Via,CAPRONI,D,1,,31,,93,1
5420,Via,CAPRONI,P,2,,36,,93,1
610,Largo,CARDUCCI,D,1,,57,,3,12
610,Largo,CARDUCCI,P,2,,48,,3,12
620,Via,CARè ALTO,D,1,,9,,32,10
620,Via,CARè ALTO,P,2,,6,,32,10
6415,Via,CARLI,D,5,,15,,65,6
6415,Via,CARLI,P,4,,52,,65,6
5745,Via,CARNERI,D,3,,13,,86,1
5745,Via,CARNERI,P,4,,26,,86,1
5105,Via,CARPENéDI,D,3,,9,,90,1
5105,Via,CARPENéDI,P,4,,10,,90,1
7445,Via,CASòTI,D,1,,11,,61,7
7445,Via,CASòTI,P,2,,4,,61,7
8323,Via,CASAI,D,1,,49,,98,3
8323,Via,CASAI,P,2,,66,,98,3
8121,Strada,CASARA,P,2,,30,,79,3
7305,Via,CASCATA,D,1,,29,,61,7
7305,Via,CASCATA,P,2,,76,,61,7
8508,Via,CASE NòVE,D,1,,43,,96,2
8508,Via,CASE NòVE,P,2,,60,,96,2
8920,Via,CASTAGNARI,D,1,,11,,75,5
8920,Via,CASTAGNARI,P,10,,10,,75,5
8607,Via,CASTAGNETO,D,1,,9,,76,4
8607,Via,CASTAGNETO,P,6,,8,,76,4
630,Via,CASTELBARCO,D,1,,11,,17,11
630,Via,CASTELBARCO,P,2,,22,,17,11
650,Via,CASTELLéR,D,11,,47,,45,10
650,Via,CASTELLéR,P,8,,42,,45,10
8007,Strada,CASTELPIAN,P,10,,20,,98,3
7755,Via,CASTèL,D,1,,21,,57,8
7755,Via,CASTèL,P,2,,4,,57,8
6090,Via,CASTèL DEI MERLI,D,1,,69,,69,6
6090,Via,CASTèL DEI MERLI,P,6,,20,,69,6
8415,Via,CASTèL DI CORTESANO,D,3,,79,,83,2
8415,Via,CASTèL DI CORTESANO,P,4,,26,,83,2
8415,Via,CASTèL DI CORTESANO,P,28,,40,,81,2
8415,Via,CASTèL DI CORTESANO,P,42,,42,B,83,2
8415,Via,CASTèL DI CORTESANO,P,44,,56,,81,2
8416,Via,CASTèL DI GARDOLO,D,1,,7,,82,2
8416,Via,CASTèL DI GARDOLO,P,2,,24,,82,2
8416,Via,CASTèL DI GARDOLO,P,26,,36,,91,1
7450,Via,CASTèL DI PIETRAPIANA,D,1,,21,,62,7
7450,Via,CASTèL DI PIETRAPIANA,P,12,,44,,62,7
7045,Via,CASTèL DI SAN ROCCO,D,1,,17,,52,9
7045,Via,CASTèL DI SAN ROCCO,P,2,,18,,52,9
6100,Via,CASTORI,D,1,,55,,70,6
6100,Via,CASTORI,P,2,A,28,,70,6
7795,Via,CATONI,D,1,,147,,56,8
7795,Via,CATONI,P,4,,132,,56,8
660,Via,CAURIòL,D,1,,11,,27,11
8527,Via,CAVADA,D,5,,7,,81,2
6467,Via,CAVALIERI,D,1,,15,,66,6
6467,Via,CAVALIERI,P,2,,2,,66,6
670,Via,CAVE,D,1,,115,,20,11
670,Via,CAVE,P,2,,100,,20,11
680,Via,CAVOUR,D,1,,49,,1,12
680,Via,CAVOUR,P,2,,44,,1,12
7455,Via,CELVA,D,7,,31,,59,7
7455,Via,CELVA,P,2,,34,,59,7
690,localita',CENTA,D,1,,5,1,16,12
690,localita',CENTA,P,2,,8,,16,12
700,Piazza,CENTA,D,3,,15,,4,12
700,Piazza,CENTA,P,2,,14,,4,12
3501,Via,CENTOCHIAVI,D,5,,19,,14,12
3501,Via,CENTOCHIAVI,D,25,,25,,86,1
3501,Via,CENTOCHIAVI,P,2,,46,,14,12
3501,Via,CENTOCHIAVI,P,52,,92,,86,1
8740,Via,CENTRALE,D,1,,31,,73,5
8740,Via,CENTRALE,P,2,,52,,73,5
730,Via,CERERIA,D,1,,11,,18,11
730,Via,CERERIA,P,4,,10,,18,11
7805,Via,CERIòLA,D,5,,15,,56,8
7805,Via,CERIòLA,P,2,,2,,57,8
7805,Via,CERIòLA,P,4,,10,,56,8
7050,localita',CERNIDÓR,D,3,,69,,50,9
7050,localita',CERNIDÓR,P,4,1,70,,50,9
740,Via,CERVARA,D,1,,5,,4,12
740,Via,CERVARA,D,15,,15,,18,11
740,Via,CERVARA,D,17,,65,,4,12
740,Via,CERVARA,D,67,,93,,6,12
740,Via,CERVARA,P,8,,114,,18,11
8656,Via,CESANA - CANDRIAI,D,1,,9,,76,4
8656,Via,CESANA - CANDRIAI,D,13,,19,,78,3
8656,Via,CESANA - CANDRIAI,P,2,,20,,78,3
6110,Via,CESARINI,D,1,,31,,71,6
6110,Via,CESARINI,P,2,,50,,71,6
8503,Via,CESURéT,D,1,,13,,81,2
8503,Via,CESURéT,P,6,,8,,81,2
8313,Via,CESURóN,D,3,,11,,98,3
8313,Via,CESURóN,P,4,,34,,98,3
5580,Via,CETTO,D,1,,21,,90,1
5580,Via,CETTO,P,2,,14,,90,1
760,Via,CHIESA,D,1,,5,,29,11
760,Via,CHIESA,P,2,,6,,29,11
8322,Via,CHIESA,D,1,,7,,98,3
8322,Via,CHIESA,P,2,,24,,98,3
770,Via,CHINI,D,1,,115,,41,10
770,Via,CHINI,P,2,,6,,41,10
775,Via,CHIOCCHETTI,D,1,,17,,14,12
775,Via,CHIOCCHETTI,P,4,,50,,14,12
6402,Via,CHIOGNA,D,3,,23,,65,6
6402,Via,CHIOGNA,P,4,,8,,65,6
785,Salita,CICCOLINI,D,1,,7,,13,12
785,Salita,CICCOLINI,P,2,,12,,13,12
8516,Strada,CIRòCOL,D,5,,15,,83,2
8516,Strada,CIRòCOL,P,2,,40,,83,2
6403,Via,CIURLETTI,D,1,,21,,97,6
6403,Via,CIURLETTI,P,2,,4,,97,6
3843,Passaggio,CLEMENTEL,D,1,,13,,17,11
800,Via,CLESIO,D,1,,7,,5,12
800,Via,CLESIO,P,2,,14,,5,12
6468,Via,COGNOLA,D,1,,67,,64,6
6468,Via,COGNOLA,P,2,,6,,64,6
810,Via,COL DI LANA,D,1,,7,,32,10
810,Via,COL DI LANA,P,2,,20,,32,10
820,Vicolo,COLICO,D,1,,1,,1,12
820,Vicolo,COLICO,P,2,,12,,1,12
7060,Via,COLLI,D,1,,11,,53,9
7060,Via,COLLI,P,2,,16,,53,9
830,Via,COLLINA,D,1,,39,,20,11
830,Via,COLLINA,P,2,,2,,23,11
830,Via,COLLINA,P,4,,18,,20,11
8122,Via,COLTURA,D,3,,49,,79,3
8122,Via,COLTURA,P,6,,170,,79,3
840,Via,COMMERCIO,D,1,,71,,11,12
840,Via,COMMERCIO,P,2,,82,,11,12
8945,Via,COMUNI,D,1,,19,,95,5
8945,Via,COMUNI,P,2,,18,,95,5
845,Via,CONCI,D,1,A,1,A,52,9
845,Via,CONCI,D,31,,53,,46,10
845,Via,CONCI,P,2,,90,,46,10
8965,Piazza,CONDINI,D,1,,1,,95,5
8965,Piazza,CONDINI,P,6,,12,,95,5
8609,Via,CONFRATERNITA,D,3,,3,,76,4
8609,Via,CONFRATERNITA,P,2,,4,,76,4
860,Via,CONI ZUGNA,D,1,,21,,36,10
860,Via,CONI ZUGNA,P,2,,24,,36,10
6481,Via,CONSOLATI,D,1,,1,,64,6
6481,Via,CONSOLATI,P,2,,10,,64,6
3814,Vicolo,CONTRADA TEDESCA,D,3,,9,,3,12
7790,Via,COOPERAZIONE,D,3,,145,,58,8
7790,Via,COOPERAZIONE,P,2,,66,,58,8
6469,Via,CORALLO,P,4,,14,,66,6
8511,Via,CORRADI,D,1,,9,,81,2
8511,Via,CORRADI,P,2,,4,,81,2
6404,Vicolo,CORTE,D,1,,15,,97,6
6404,Vicolo,CORTE,P,2,,8,,97,6
8413,Via,CORTESANO,D,5,,35,,96,2
8413,Via,CORTESANO,P,2,,14,,96,2
8413,Via,CORTESANO,P,22,,26,,83,2
8493,Via,COSTA,D,1,,9,,83,2
3823,Via,COSTA SAN NICOLò,D,1,,5,,72,5
3823,Via,COSTA SAN NICOLò,P,4,,14,,16,12
3823,Via,COSTA SAN NICOLò,P,20,,54,,72,5
6120,Via,COSTE,D,3,,17,,67,6
6120,Via,COSTE,P,2,,44,,67,6
6130,Via,COSTIòLE,D,1,,19,,69,6
6130,Via,COSTIòLE,P,2,,62,,69,6
3837,Viale,COSTITUZIONE,D,1,,37,,23,11
3837,Viale,COSTITUZIONE,P,2,,28,,23,11
8473,Vicolo,CRòZZI,D,1,,7,,82,2
8473,Vicolo,CRòZZI,P,2,,16,,82,2
8614,Via,CRòZZOLE,D,3,,11,,76,4
7765,Via,CRòZZOLI,D,1,,13,,56,8
7765,Via,CRòZZOLI,P,2,,12,,56,8
5640,Via,CRIVELLI,D,1,,21,,91,1
7435,Via,CRóS,D,1,,23,,61,7
7435,Via,CRóS,P,4,,10,,61,7
8750,Via,CROCE,D,1,,77,,72,5
8750,Via,CROCE,P,2,,50,,72,5
6405,Via,CROCEFISSO,P,4,,4,,97,6
8613,Via,CROSARA,D,3,,17,,76,4
8613,Via,CROSARA,P,4,,10,,76,4
5125,Via,CROSARE,D,1,,25,,92,1
5125,Via,CROSARE,P,4,,12,,92,1
6140,Via,DòS,D,3,,17,,69,6
6140,Via,DòS,P,6,,20,,69,6
8950,Via,DòS BRUN,D,3,,3,,95,5
8950,Via,DòS BRUN,P,4,,6,,95,5
8011,Via,DòS CALT,D,1,,69,,98,3
8011,Via,DòS CALT,P,4,,8,,98,3
6150,Via,DòS CASTION,D,1,,33,,67,6
6150,Via,DòS CASTION,P,12,,30,,67,6
8524,Via,DòS DE LA LUNA,D,1,,27,,81,2
8524,Via,DòS DE LA LUNA,P,2,,54,,81,2
6484,Via,DòS DE LA POLèNTA,P,4,,4,,66,6
8314,Strada,DòS DE LE GIARE,D,1,,13,,98,3
8314,Strada,DòS DE LE GIARE,P,2,,8,,98,3
7714,Via,DòS DEL PIN,D,3,,39,,58,8
7714,Via,DòS DEL PIN,P,8,,36,,58,8
8412,Strada,DòS DI LAMAR,D,1,,7,,81,2
8412,Strada,DòS DI LAMAR,D,11,,11,,90,1
8412,Strada,DòS DI LAMAR,P,4,,8,,81,2
8412,Strada,DòS DI LAMAR,P,22,,50,B,90,1
8123,Via,DòS DI SANT'ELENA,D,1,,23,,79,3
8123,Via,DòS DI SANT'ELENA,P,2,,28,,79,3
8070,Strada,DòS GARIòL,D,7,,31,,80,3
8070,Strada,DòS GARIòL,P,4,,36,,80,3
8071,Strada,DòS GRUM,D,3,,11,,98,3
8071,Strada,DòS GRUM,P,6,,22,,98,3
1010,Via,DòS TRENTO,D,1,,89,,94,12
1010,Via,DòS TRENTO,P,2,,86,,94,12
8012,Via,DòSSA,D,1,,41,,78,3
8012,Via,DòSSA,P,2,,30,,78,3
8013,Via,DòSSOL,D,3,,101,,98,3
8013,Via,DòSSOL,P,2,,52,,98,3
2040,Via,D'ARCO,D,1,,27,,32,10
2040,Via,D'ARCO,P,2,,30,,32,10
2210,Via,DA PALESTRINA,D,3,,7,,27,11
2210,Via,DA PALESTRINA,P,14,,30,,27,11
2900,Via,DA SANSEVERINO,D,31,,43,,17,11
2900,Via,DA SANSEVERINO,D,97,,129,,27,11
8654,Via,DAINI - VANéZE,D,3,,9,,76,4
8654,Via,DAINI - VANéZE,D,15,,23,,78,3
8654,Via,DAINI - VANéZE,D,25,,25,,76,4
8654,Via,DAINI - VANéZE,P,4,,8,,78,3
876,Vicolo,DALL'ARMI,D,1,,15,,2,12
876,Vicolo,DALL'ARMI,P,2,,14,,2,12
8513,Vicolo,DALL'AVO,D,1,,5,,83,2
8513,Vicolo,DALL'AVO,P,4,,16,,83,2
875,Salita,DALLA FIOR,D,1,,15,,14,12
875,Salita,DALLA FIOR,P,6,,8,,14,12
7460,Via,DALLAFIOR,D,1,,21,,59,7
7460,Via,DALLAFIOR,P,2,,36,,59,7
870,Vicolo,DALLAPICCOLA,D,1,,11,,18,11
870,Vicolo,DALLAPICCOLA,P,2,,12,,18,11
880,Piazza,DANTE,D,3,,15,,6,12
880,Piazza,DANTE,P,8,,16,,6,12
890,Via,DE AMICIS,D,1,,21,,11,12
890,Via,DE AMICIS,P,2,,2,,11,12
8602,Via,DE BALZANI,D,3,,3,,76,4
8602,Via,DE BALZANI,P,2,,8,,76,4
540,Via,DE CAMPI,D,1,,17,,5,12
540,Via,DE CAMPI,P,2,,30,,5,12
8474,Vicolo,DE CARLI,D,1,,3,,82,2
8474,Vicolo,DE CARLI,P,2,,10,,82,2
3802,Via,DE FINETTI,D,1,,23,,39,10
3802,Via,DE FINETTI,P,2,,36,,39,10
3832,Via,DE RICCABONA,P,2,,12,,52,9
8212,Via,DEFLORIAN,D,3,,15,,80,3
8212,Via,DEFLORIAN,P,2,,22,,80,3
900,Via,DEGASPERI,D,9,,59,,43,10
900,Via,DEGASPERI,D,61,,67,,39,10
900,Via,DEGASPERI,P,12,,34,4,43,10
900,Via,DEGASPERI,P,32,,36,1,39,10
900,Via,DEGASPERI,P,88,2,152,,39,10
920,Via,DESèRT,D,1,,1,,27,11
920,Via,DESèRT,P,2,,14,,27,11
3780,Via,DETASSIS,D,1,,69,,8,12
3780,Via,DETASSIS,P,8,,22,,8,12
930,Via,DIAZ,D,1,,15,,3,12
930,Via,DIAZ,P,2,,26,,3,12
8615,Via,DINèRI,D,1,,9,,76,4
8615,Via,DINèRI,P,2,,8,,76,4
3700,Passaggio,DISERTORI,D,1,,25,,12,12
3700,Passaggio,DISERTORI,P,2,,76,,12,12
960,Piazzale,DIVISIONI ALPINE,D,1,,5,,94,12
7770,Via,DèCIMA,D,1,,23,,56,8
7770,Via,DèCIMA,P,2,,34,,56,8
970,Via,DOGANA,D,1,,9,,6,12
970,Via,DOGANA,P,2,,18,,6,12
3838,Piazza,DONNE LAVORATRICI,D,1,,7,,23,11
3838,Piazza,DONNE LAVORATRICI,P,2,,6,,23,11
980,Via,DORDI,D,1,,25,,2,12
980,Via,DORDI,P,2,,38,,2,12
1020,Via,DOSSI,D,1,,25,,9,12
1020,Via,DOSSI,P,2,,16,,9,12
7870,Salita,DOSSI,D,1,,63,,56,8
7870,Salita,DOSSI,P,4,,46,,56,8
8494,Via,DOSSèRA,D,1,,15,,83,2
8494,Via,DOSSèRA,P,2,,8,,83,2
5770,Via,DRAVA,D,1,,3,,87,1
1540,Via,DRUSO,D,1,,13,,16,12
1540,Via,DRUSO,P,2,,12,,16,12
1040,Piazza,DUOMO,D,1,,45,,3,12
1040,Piazza,DUOMO,P,10,,46,,3,12
1050,Via,EINAUDI,D,3,,25,,39,10
1050,Via,EINAUDI,P,2,,66,,39,10
1060,Via,ENDRICI,D,1,,23,,25,11
1060,Via,ENDRICI,D,27,,27,,18,11
1060,Via,ENDRICI,P,2,,22,,25,11
1060,Via,ENDRICI,P,24,,30,,18,11
7701,Via,ENDRIZZI,D,9,,19,,58,8
7701,Via,ENDRIZZI,P,2,,8,,58,8
1070,Piazza,ERBE,D,1,,7,,2,12
1070,Piazza,ERBE,P,2,,6,,2,12
7370,Via,EREMO,D,7,,19,,59,7
7370,Via,EREMO,P,4,,50,,59,7
1080,Via,ESTERLE,D,1,,13,,3,12
1080,Via,ESTERLE,D,15,,15,,17,11
1080,Via,ESTERLE,P,2,,30,,17,11
8525,Strada,FACHINA,D,1,,3,,81,2
8655,Via,FALCHI - VANéZE,D,1,,21,,76,4
8655,Via,FALCHI - VANéZE,D,23,,25,,78,3
8655,Via,FALCHI - VANéZE,P,8,,12,,76,4
8655,Via,FALCHI - VANéZE,P,14,,36,,78,3
3902,Via,FALCONE,P,4,,16,,40,10
7070,Via,FALZOLGHER,D,1,,53,,51,9
7070,Via,FALZOLGHER,P,2,,46,,51,9
5750,Via,FATTORI,P,2,,20,,86,1
5645,Via,FEININGER,D,1,,9,,87,1
5645,Via,FEININGER,P,2,,34,,87,1
6482,Via,FELLIN,D,3,,31,,66,6
6482,Via,FELLIN,P,2,,36,,66,6
1090,Via,FERMI,D,3,,35,,40,10
1090,Via,FERMI,P,4,,70,,40,10
3831,Via,FERRANDI,D,1,,5,,45,10
3831,Via,FERRANDI,P,2,,4,,45,10
1100,Via,FERROVIERI,D,3,,53,,9,12
1100,Via,FERROVIERI,P,4,,36,,9,12
1110,Via,FERRUCCIO,D,1,,19,,3,12
1110,Via,FERRUCCIO,P,2,,10,,3,12
1120,Via,FERSINA,D,11,,25,,38,10
1120,Via,FERSINA,P,2,,78,,38,10
1130,Piazza,FIERA,D,1,,23,,18,11
1130,Piazza,FIERA,P,2,,24,,18,11
8526,Vicolo,FILANDA,D,1,,9,,81,2
8526,Vicolo,FILANDA,P,2,,6,,81,2
8616,Via,FILARI,D,11,,15,,76,4
8616,Via,FILARI,P,2,,16,,76,4
8760,Via,FILARI LONGHI,D,1,,27,,74,5
8760,Via,FILARI LONGHI,P,2,,24,,74,5
1140,Via,FILZI,D,1,,7,,27,11
1140,Via,FILZI,P,2,,18,,27,11
1150,Via,FIUME,D,1,,9,,20,11
1150,Via,FIUME,P,2,,38,,20,11
8487,Strada,FóNDA,D,1,,117,,83,2
8487,Strada,FóNDA,P,2,,16,,83,2
1160,Via,FOGAZZARO,D,3,,37,,36,10
1160,Via,FOGAZZARO,P,2,,4,,36,10
1170,Via,FONTANA,D,1,,65,,7,12
1170,Via,FONTANA,P,2,,60,,7,12
6489,Via,FONTANASANTA,P,6,,26,,67,6
8930,Via,FONTANELLE,D,1,,27,,75,5
8930,Via,FONTANELLE,P,4,,22,,75,5
6160,Via,FORMIGHéTA,D,1,,19,,71,6
6160,Via,FORMIGHéTA,P,4,,52,,71,6
8124,Via,FORNàS,P,2,,2,,79,3
8482,Via,FORNACE,D,3,,41,,96,2
8482,Via,FORNACE,P,2,,26,,96,2
6170,Via,FORTE,D,1,,35,,70,6
6170,Via,FORTE,P,2,,72,,70,6
7850,Strada,FORTI,D,5,,87,,57,8
7850,Strada,FORTI,P,8,,40,,57,8
8486,Via,FRAGARI,D,7,,39,,83,2
8486,Via,FRAGARI,P,6,,84,,83,2
3804,Via,FRANCESCHINI,P,10,,30,,12,12
1180,Via,FRANK,D,1,,11,,37,10
1180,Via,FRANK,P,2,,2,,37,10
7800,Via,FRATTE,D,3,,5,,55,8
7800,Via,FRATTE,P,2,,30,,55,8
7721,Strada,FRICCA,P,4,,12,,58,8
7718,Strada,FRICCA - VALSORDA,D,3,,11,,58,8
7718,Strada,FRICCA - VALSORDA,P,4,,12,,58,8
8617,Strada,FUNIVIA,D,5,,25,,76,4
8617,Strada,FUNIVIA,P,2,,70,,76,4
7425,Via,GABBIOLO,D,1,,43,,61,7
7425,Via,GABBIOLO,P,2,,40,,61,7
3815,Piazzetta,GAISMAYR,D,1,,1,,3,12
3815,Piazzetta,GAISMAYR,P,2,,2,,3,12
7080,Via,GALASSA,D,1,,83,,52,9
7080,Via,GALASSA,P,4,,8,,45,10
7080,Via,GALASSA,P,12,,76,,52,9
7080,Via,GALASSA,P,80,,82,,45,10
7080,Via,GALASSA,P,86,,94,,45,10
1190,Vicolo,GALASSO,D,3,,21,,3,12
1190,Vicolo,GALASSO,P,2,,4,,3,12
1200,Via,GALILEI,D,1,,31,,5,12
1200,Via,GALILEI,P,2,,34,,5,12
1210,Via,GANDHI,D,1,,9,,43,10
1210,Via,GANDHI,P,2,,20,,43,10
1220,Via,GAR,D,1,,39,,2,12
1220,Via,GAR,P,4,,20,,2,12
1250,Via,GARBARI,D,1,,1,,11,12
1250,Via,GARBARI,P,2,,16,,11,12
3600,Galleria,GARBARI,D,1,,9,,3,12
3600,Galleria,GARBARI,P,2,,12,,3,12
3830,Strada,GARDESANA DI TRENTO,D,3,,3,,16,12
3830,Strada,GARDESANA DI TRENTO,P,4,,38,,16,12
1230,Via,GARIBALDI,D,1,,33,,2,12
1230,Via,GARIBALDI,P,2,,10,,2,12
8618,Androna,GARNIGA,D,1,,13,,76,4
8618,Androna,GARNIGA,P,4,,8,,76,4
1260,Piazza,GARZETTI,D,1,,19,,2,12
1260,Piazza,GARZETTI,P,2,,18,,2,12
1270,Vicolo,GAUDENTI,D,1,,5,,2,12
1270,Vicolo,GAUDENTI,P,2,,12,,2,12
1280,Via,GAZZOLETTI,D,1,,51,,6,12
1280,Via,GAZZOLETTI,P,2,,2,,6,12
6180,Via,GEMELLE,D,1,,15,,68,6
6180,Via,GEMELLE,P,2,,16,,68,6
1290,Via,GENTILOTTI,P,6,,12,,18,11
1300,Via,GEROLA,D,1,,27,,33,10
1300,Via,GEROLA,P,4,,8,,33,10
1310,Via,GHIAIE,D,3,,67,,31,11
1310,Via,GHIAIE,P,2,,42,,31,11
5160,Via,GIACOMONI,D,1,,3,,87,1
5160,Via,GIACOMONI,P,2,,6,,87,1
6429,Via,GIANORDOLI,D,3,,25,,63,6
6429,Via,GIANORDOLI,P,2,,8,,63,6
8126,Via,GIARA,D,3,,37,,80,3
8126,Via,GIARA,P,2,,42,,80,3
1320,Salita,GIARDINI,D,1,,3,,23,11
1320,Salita,GIARDINI,P,2,,10,,23,11
3502,Via,GIARDINI,D,1,,51,,22,11
3502,Via,GIARDINI,D,59,,79,,97,6
3502,Via,GIARDINI,P,2,,50,,22,11
3502,Via,GIARDINI,P,56,,86,,97,6
5170,Via,GIARETTE,D,1,,21,,89,1
5170,Via,GIARETTE,P,2,,12,,89,1
5755,Via,GIONGO,D,1,,21,,86,1
5755,Via,GIONGO,P,2,,4,,86,1
7090,Via,GIORDANO,D,1,,21,5,51,9
7090,Via,GIORDANO,P,2,,24,,51,9
1340,Via,GIOVANELLI,D,1,,37,,22,11
1340,Via,GIOVANELLI,P,2,,6,,22,11
7265,Via,GIUDITI,D,1,,25,,51,9
7265,Via,GIUDITI,P,4,,8,,51,9
5470,Via,GIUGNO (1946),D,5,,19,,87,1
5470,Via,GIUGNO (1946),P,12,,36,,87,1
1350,Via,GIUSTI,D,1,,63,,25,11
1350,Via,GIUSTI,P,2,,84,,25,11
8491,Strada,GóRGHE,D,1,,23,,83,2
8491,Strada,GóRGHE,P,2,,24,,83,2
1355,Via,GMEINER,D,1,,25,,35,10
1355,Via,GMEINER,P,6,,12,,35,10
1370,Via,GOCCIADORO,D,1,,97,,35,10
1370,Via,GOCCIADORO,D,99,,115,,41,10
1370,Via,GOCCIADORO,P,2,,100,,35,10
1370,Via,GOCCIADORO,P,130,,160,,41,10
3508,Via,GOIO,D,3,,19,,88,1
3508,Via,GOIO,P,2,,8,,11,12
3825,Via,GORFER,D,1,,13,,45,10
3825,Via,GORFER,P,2,,8,,45,10
1380,Via,GORIZIA,D,3,,95,,34,10
1380,Via,GORIZIA,P,2,,90,,34,10
7703,Via,GOTARDA,D,3,,7,,56,8
7703,Via,GOTARDA,P,6,,6,,75,5
7420,Via,GRAFFIANO,D,1,,5,,61,7
7420,Via,GRAFFIANO,P,2,,44,,61,7
1390,Via,GRAMSCI,D,1,,29,,40,10
1390,Via,GRAMSCI,P,2,,72,,40,10
5715,Via,GRAZ,D,3,,17,,93,1
5715,Via,GRAZ,P,4,,42,,93,1
1400,Via,GRAZIOLI,D,1,,101,,21,11
1400,Via,GRAZIOLI,P,2,,180,,21,11
6190,Via,GREZóNI,D,1,,39,,63,6
6190,Via,GREZóNI,P,2,,28,,63,6
5480,Piazzale,GROFF,D,3,,9,,92,1
5480,Piazzale,GROFF,P,2,,10,,92,1
7261,Via,GROTTA,D,1,,21,,51,9
7261,Via,GROTTA,P,4,,20,,51,9
1410,Via,GUARDI,D,1,,11,,8,12
1410,Via,GUARDI,P,2,,10,,8,12
1415,Via,GUARDINI,D,3,,75,,12,12
1415,Via,GUARDINI,P,4,,66,,12,12
8517,Via,GUARINONI,D,1,,9,,83,2
8517,Via,GUARINONI,P,4,,18,,83,2
8462,Via,GUERRA RUSTICA,D,1,,15,,82,2
8462,Via,GUERRA RUSTICA,P,2,,16,,82,2
3750,Via,GUETTI,D,1,,15,,8,12
3750,Via,GUETTI,P,6,,54,,8,12
8805,Via,HERRSCHING,D,1,,13,,74,5
8805,Via,HERRSCHING,P,2,,28,,74,5
7760,localita',I CAROZÉTI,D,3,,35,,54,8
7760,localita',I CAROZÉTI,P,2,,32,,54,8
7855,localita',I GREZZI,D,7,,29,,57,8
7855,localita',I GREZZI,P,6,,12,,57,8
1440,localita',I LAGHETTI,D,1,,5,,16,12
6406,Strada,IMPERIALE,D,3,,3,,97,6
6406,Strada,IMPERIALE,P,2,,6,,97,6
1420,Via,INAMA,D,1,,15,,18,11
1420,Via,INAMA,P,2,,8,,18,11
5460,Via,INNSBRUCK,D,31,,67,,84,1
5460,Via,INNSBRUCK,P,20,,20,,84,1
3760,Via,IORI,D,3,,31,,40,10
3760,Via,IORI,P,4,,12,,40,10
5785,Via,ISARCO,D,3,,7,,84,1
5785,Via,ISARCO,P,2,,26,,84,1
8912,Via,ISCHIE,D,3,,71,,95,5
8912,Via,ISCHIE,P,4,,8,,95,5
8912,Via,ISCHIE,P,12,,18,,56,8
6198,Via,JüLG,D,1,,13,,63,6
6198,Via,JüLG,P,4,A,34,A,63,6
6198,Via,JüLG,P,36,,40,,65,6
6200,Via,KOFLER,D,1,,23,,65,6
6200,Via,KOFLER,P,2,,62,,65,6
780,Via,LA CLARINA,D,1,,15,,41,10
780,Via,LA CLARINA,P,2,,40,,41,10
3390,localita',LA VELA,D,1,,37,,16,12
3390,localita',LA VELA,P,2,,16,,16,12
8127,Strada,LAGO,P,2,,6,,80,3
1450,Piazzetta,LAINEZ,D,1,,1,,1,12
1450,Piazzetta,LAINEZ,P,2,,6,,1,12
5655,Via,LAMAR,D,7,,23,,90,1
5655,Via,LAMAR,P,2,,32,,90,1
1460,Via,LAMPI,D,1,,9,,11,12
1460,Via,LAMPI,P,6,,16,,11,12
6488,Via,LANCIATESA,D,3,,13,,66,6
6488,Via,LANCIATESA,P,4,,10,,66,6
3828,Via,LANZEROTTI,D,1,,21,,45,10
3828,Via,LANZEROTTI,P,2,,14,,45,10
8016,Via,LAON,D,1,,31,,98,3
8016,Via,LAON,P,4,,24,,98,3
1465,Salita,LARGAIOLLI,D,3,,19,,13,12
1465,Salita,LARGAIOLLI,P,4,,28,,13,12
1470,Via,LASTE,D,1,,33,,18,11
1470,Via,LASTE,D,37,,85,,63,6
1470,Via,LASTE,P,2,,30,,18,11
7845,localita',LASTE DI MATTARELLO,D,1,,7,,57,8
7845,localita',LASTE DI MATTARELLO,P,6,,44,,57,8
8017,Via,LAVàCHEL - VANéZE,D,3,,37,,77,3
8017,Via,LAVàCHEL - VANéZE,P,2,,18,,77,3
7712,Strada,LAVANDARA,D,7,,15,,58,8
7712,Strada,LAVANDARA,P,4,,12,,58,8
6454,Via,LAVARON,P,2,,12,,68,6
1480,Via,LAVISOTTO,D,1,,145,,10,12
1480,Via,LAVISOTTO,P,2,,24,,10,12
3839,Corso,LAVORO E DELLA SCIENZA,D,3,,5,,23,11
3839,Corso,LAVORO E DELLA SCIENZA,P,2,,10,,23,11
7880,localita',LE BASSE,D,1,A,39,,56,8
7880,localita',LE BASSE,P,2,,26,,56,8
7835,localita',LE MARTINELLE,D,11,,15,,54,8
7835,localita',LE MARTINELLE,P,6,,20,,54,8
7840,localita',LE VALLI,D,7,,15,,57,8
7840,localita',LE VALLI,P,6,,6,,57,8
1490,Galleria,LEGIONARI TRENTINI,D,1,,9,,3,12
1490,Galleria,LEGIONARI TRENTINI,P,2,,10,,3,12
1500,Piazza,LEONARDO DA VINCI,D,1,,7,,1,12
1500,Piazza,LEONARDO DA VINCI,P,2,,4,,1,12
1520,Lungadige,LEOPARDI,D,3,,109,,15,12
5500,Piazza,LIBERTà,D,3,,21,,90,1
5500,Piazza,LIBERTà,P,2,,18,,90,1
1530,Vicolo,LICEO,D,1,,13,,2,12
1530,Vicolo,LICEO,P,2,,20,,2,12
7890,Via,LIDORNO,D,3,,3,,54,8
8619,Via,LóNGA,P,10,,10,,76,4
1550,Piazza,LODRON,D,1,,33,,2,12
1550,Piazza,LODRON,P,2,,34,,2,12
5200,Via,LOGGETTA,P,2,,18,,84,1
5530,Via,LOGHéT,D,3,,73,,93,1
5530,Via,LOGHéT,P,2,,38,,93,1
3836,Via,LORENZI,D,1,,1,,52,9
3836,Via,LORENZI,D,3,,11,,44,10
3836,Via,LORENZI,P,2,,2,,52,9
3836,Via,LORENZI,P,4,,30,,44,10
1560,Via,LORENZONI,D,1,,9,1,25,11
1560,Via,LORENZONI,P,2,A,18,1,25,11
6455,Via,LOVARA,D,5,,9,,68,6
6455,Via,LOVARA,P,4,,4,,68,6
1555,Via,LUNELLI,D,1,,83,,14,12
1555,Via,LUNELLI,P,2,,66,,14,12
1565,Piazzetta,LUNELLI,D,1,,11,,3,12
1565,Piazzetta,LUNELLI,P,8,,14,,3,12
8780,Via,MàSERE,D,1,,39,,73,5
8780,Via,MàSERE,P,2,,16,,73,5
1570,Via,MACCANI,D,1,,231,,11,12
1570,Via,MACCANI,P,14,,164,,11,12
3870,Vicolo,MACELLO VECCHIO,P,2,,4,,4,12
3860,Via,MACH,D,13,,13,,45,10
3860,Via,MACH,P,2,,40,,45,10
6485,Via,MADERNO,D,7,,45,,70,6
6485,Via,MADERNO,P,4,,24,,70,6
3817,Via,MADONNA BIANCA,D,3,,5,,47,10
3817,Via,MADONNA BIANCA,P,2,,148,,47,10
8523,Via,MADONNA DEI PRATI,D,1,,9,,83,2
8523,Via,MADONNA DEI PRATI,P,4,,26,,83,2
7405,Via,MADONNA DELLA CORONA,D,1,,21,,61,7
7405,Via,MADONNA DELLA CORONA,P,2,,14,,61,7
1590,Piazza,MADONNA DELLE LASTE,D,1,,1,,18,11
8496,Piazza,MADONNA DI CARAVAGGIO,D,1,,17,,81,2
8496,Piazza,MADONNA DI CARAVAGGIO,P,2,,20,,81,2
7315,Via,MADONNINA,D,1,,1,,59,7
7315,Via,MADONNINA,D,3,,57,,61,7
7315,Via,MADONNINA,P,4,,30,,61,7
1600,Via,MADRUZZO,D,1,,49,,18,11
1600,Via,MADRUZZO,P,2,,78,,18,11
1610,Vicolo,MADRUZZO,P,2,,18,,23,11
3610,Via,MAESTRI DEL LAVORO,D,1,,19,,8,12
3610,Via,MAESTRI DEL LAVORO,P,2,,108,,8,12
1620,Via,MAFFEI,D,1,,17,,17,11
1620,Via,MAFFEI,P,2,,2,,17,11
8810,Via,MAGGIO,D,1,,11,,74,5
8810,Via,MAGGIO,P,2,,10,,74,5
3420,Via,MAGGIO (1915),D,11,,17,,23,11
3420,Via,MAGGIO (1915),P,2,,12,,23,11
8502,Strada,MAGNòI,D,3,,7,,81,2
8985,Via,MALEBIS,D,1,,21,,95,5
1630,Via,MALFATTI,D,1,,27,,23,11
1630,Via,MALFATTI,P,2,,8,,23,11
8463,Via,MALGAR,D,3,,13,,82,2
8463,Via,MALGAR,P,6,,12,,82,2
1640,Via,MALPAGA,D,1,,17,,3,12
1640,Via,MALPAGA,P,2,,26,,3,12
3720,Via,MALPENSADA,P,2,,162,,46,10
1650,Via,MALTA,D,1,,19,,22,11
1650,Via,MALTA,P,2,,16,,22,11
1660,Via,MALVASIA,D,1,,105,,4,12
1660,Via,MALVASIA,P,2,,30,,4,12
1690,Salita,MANCI,D,3,,3,,20,11
1690,Salita,MANCI,D,7,,35,,34,10
1690,Salita,MANCI,P,2,,8,,20,11
1700,Via,MANCI,D,5,,93,,3,12
1700,Via,MANCI,P,2,,86,,3,12
7380,Piazza,MANCI,D,1,,17,,59,7
7380,Piazza,MANCI,P,2,,14,,59,7
8652,Via,MANDOLARE,D,1,,7,,16,12
8652,Via,MANDOLARE,D,9,,11,,76,4
8652,Via,MANDOLARE,P,4,,4,,16,12
8652,Via,MANDOLARE,P,6,,10,,76,4
1710,Via,MANTOVA,D,1,,75,,2,12
1710,Via,MANTOVA,P,2,,38,,2,12
1720,Via,MANTOVANA,P,2,,8,E,18,11
1730,Via,MANZONI,D,1,,53,,4,12
1730,Via,MANZONI,P,2,,28,,4,12
1740,Via,MARANZA,D,1,,9,,35,10
1740,Via,MARANZA,P,2,,22,,35,10
7501,Strada,MARANZA,D,3,,11,,60,7
7501,Strada,MARANZA,D,19,,23,,51,9
7501,Strada,MARANZA,P,2,,10,,60,7
7501,Strada,MARANZA,P,20,,24,,51,9
7465,Via,MARCHESONI,D,1,,41,,59,7
7465,Via,MARCHESONI,P,2,,60,,59,7
1750,Via,MARCHETTI,D,1,,21,,5,12
1750,Via,MARCHETTI,P,2,,48,,5,12
1780,Via,MARCONI,D,1,,11,,12,12
1780,Via,MARCONI,P,2,,12,,12,12
8770,Via,MARGONE,D,1,,35,,74,5
8770,Via,MARGONE,P,2,,16,,74,5
1790,Via,MARIANI,D,1,,5,,20,11
1790,Via,MARIANI,P,2,,8,,20,11
1760,Via,MARIGHETTO,D,9,,127,,47,10
1760,Via,MARIGHETTO,P,10,,136,,47,10
3827,Via,MARINAI D'ITALIA,P,18,,18,,44,10
6220,Via,MARNIGHE,D,1,,41,,64,6
6220,Via,MARNIGHE,P,2,,32,,64,6
3805,Via,MARONI,D,1,,21,,14,12
3805,Via,MARONI,P,2,,62,,14,12
1800,Via,MARSALA,D,1,,83,,36,10
1810,Via,MARTINI,D,1,,3,,31,11
1810,Via,MARTINI,P,4,,4,,31,11
7110,Via,MARZòLA,D,1,,27,,52,9
7110,Via,MARZòLA,P,2,,74,,52,9
5440,Via,MARZO,D,3,,59,,93,1
5440,Via,MARZO,P,4,,30,,93,1
7810,localita',MASÉT,D,1,,23,,57,8
7810,localita',MASÉT,P,2,,8,,57,8
5540,Via,MASADóRI,D,3,,5,,93,1
5540,Via,MASADóRI,P,2,,50,,93,1
6240,Via,MASETTI,D,1,,41,,66,6
6240,Via,MASETTI,P,2,,50,,66,6
8128,Via,MASI,D,3,,19,,79,3
8128,Via,MASI,P,6,,6,,79,3
8518,Strada,MASI SARACINI,D,7,,7,,81,2
8018,Via,MASO BANAL,D,3,,67,,98,3
8018,Via,MASO BANAL,P,2,,12,,98,3
8019,Strada,MASO BERLANDI,D,3,,3,,77,3
8019,Strada,MASO BERLANDI,P,4,,4,,77,3
8417,Via,MASO BIANCO,D,1,,19,,96,2
8417,Via,MASO BIANCO,P,2,,2,,96,2
8417,Via,MASO BIANCO,P,10,,22,,82,2
6493,Via,MASO CARESìA,P,2,,16,,71,6
6417,Via,MASO FRACHETTI,D,3,,15,,65,6
6417,Via,MASO FRACHETTI,P,4,,4,,65,6
8528,Via,MASO GARBINI,P,2,,8,,81,2
6452,Via,MASO LIBRAR,D,1,,7,,68,6
6452,Via,MASO LIBRAR,D,11,,11,,81,2
6452,Via,MASO LIBRAR,P,2,,10,,68,6
6451,Via,MASO PAGANIN,P,2,,4,,81,2
8021,Via,MASO PETòCI,D,3,,21,,77,3
8021,Via,MASO PETòCI,P,4,,4,,77,3
6491,Via,MASO PEZANI,D,1,,35,,70,6
6491,Via,MASO PEZANI,P,4,,14,,70,6
8651,Via,MASO SCALA,P,2,,4,,16,12
8651,Via,MASO SCALA,P,6,,24,,76,4
3822,Via,MASO SMALZ,D,3,,17,,31,11
3822,Via,MASO SMALZ,P,2,,2,,31,11
6440,Via,MASO SPECCHIO,D,3,,3,,70,6
6440,Via,MASO SPECCHIO,P,4,,18,,70,6
3620,Via,MASO VISINTAINER,P,4,,18,,16,12
5210,Via,MATTEDI,D,1,,5,,90,1
5210,Via,MATTEDI,P,2,,16,A,90,1
3901,Via,MATTEOTTI,D,1,,133,,28,11
3901,Via,MATTEOTTI,P,4,,46,,28,11
1830,Via,MATTIOLI,D,3,,27,,26,11
1830,Via,MATTIOLI,P,2,,10,B,26,11
1840,Via,MAZZINI,D,1,,49,,2,12
1840,Via,MAZZINI,P,2,,56,,2,12
8790,Via,MAZZONELLI,D,3,,9,,72,5
8790,Via,MAZZONELLI,P,4,,22,,72,5
1850,Largo,MEDAGLIE D'ORO,D,3,,9,,33,10
1850,Largo,MEDAGLIE D'ORO,P,2,,8,1,33,10
1860,Via,MEDICI,D,3,,37,,37,10
1860,Via,MEDICI,P,4,,50,,37,10
5595,Via,MELTA,D,5,,99,,86,1
5595,Via,MELTA,P,2,,6,,88,1
5595,Via,MELTA,P,10,,44,,86,1
7860,Via,MENESTRINA,D,9,,47,,57,8
7860,Via,MENESTRINA,P,8,,44,,57,8
6250,Piazza,MENGHIN,D,1,,9,,70,6
6250,Piazza,MENGHIN,P,2,,8,,70,6
1870,Via,MENGUZZATO,D,9,,213,,44,10
1870,Via,MENGUZZATO,P,14,,50,,44,10
6475,Via,MERIDIANA,D,1,,13,,64,6
6475,Via,MERIDIANA,P,2,,10,,64,6
3503,Via,MESIANO,D,1,,15,,59,7
3503,Via,MESIANO,D,17,,19,,33,10
3503,Via,MESIANO,D,21,,25,,59,7
3503,Via,MESIANO,D,27,,27,,33,10
3503,Via,MESIANO,D,29,,29,A,59,7
3503,Via,MESIANO,D,31,,77,,33,10
3503,Via,MESIANO,D,79,,79,,59,7
3503,Via,MESIANO,P,2,,50,,59,7
6418,Via,MICHéI,D,1,,35,,97,6
6418,Via,MICHéI,P,2,,24,,97,6
5610,Via,MILANI,D,5,,27,,88,1
5610,Via,MILANI,P,2,,60,,88,1
1890,Via,MILANO,D,3,,59,,19,11
1890,Via,MILANO,P,2,,154,,19,11
1900,Via,MILLE,D,1,,69,,17,11
1900,Via,MILLE,P,2,,38,,17,11
6260,Via,MISSIONI AFRICANE,D,3,,23,,71,6
6260,Via,MISSIONI AFRICANE,P,2,,24,,71,6
6461,Piazzetta,MóNT,D,1,,11,,68,6
6461,Piazzetta,MóNT,P,2,,12,,68,6
6460,Via,MóNT DE SóRA,D,1,,85,,68,6
6460,Via,MóNT DE SóRA,P,2,,40,,68,6
6456,Via,MóNT DE SóTO,D,3,,33,,68,6
6456,Via,MóNT DE SóTO,P,2,,24,,68,6
1910,Via,MOGGIOLI,D,1,,21,,8,12
1910,Via,MOGGIOLI,P,2,,16,,8,12
6486,Via,MOIà,D,3,,11,,63,6
6486,Via,MOIà,P,4,,22,,63,6
8509,Via,MOLAR,D,3,,7,,81,2
8129,Via,MOLIN,D,1,,19,,79,3
8129,Via,MOLIN,P,4,,68,,79,3
8622,Via,MOLINARA,D,3,,21,,76,4
8622,Via,MOLINARA,P,4,,20,,76,4
8505,Strada,MOLINARI,D,3,,3,,81,2
8505,Strada,MOLINARI,P,4,,12,,81,2
1920,Via,MOLINI,P,22,,44,,20,11
7260,Salita,MOLINI,D,1,,39,,53,9
7260,Salita,MOLINI,P,2,,48,,53,9
5670,Via,MONACO,D,1,,11,,88,1
5670,Via,MONACO,P,2,,16,,88,1
8022,Strada,MONASTERO DI SANT'ANNA,D,1,,7,,77,3
8022,Strada,MONASTERO DI SANT'ANNA,P,2,,14,,77,3
1930,Via,MONTE BALDO,D,1,,5,,31,11
1930,Via,MONTE BALDO,P,4,,56,,31,11
8623,Strada,MONTE BONDONE,D,1,,15,,76,4
8623,Strada,MONTE BONDONE,P,2,,26,,76,4
5240,Via,MONTE CALISIO,D,1,,31,,92,1
5240,Via,MONTE CALISIO,P,12,,26,,92,1
1940,Via,MONTE CORNO,D,1,,7,,28,11
1940,Via,MONTE CORNO,P,2,,4,1,28,11
1960,Via,MONTELLO,D,5,,21,,34,10
1960,Via,MONTELLO,P,2,,34,,34,10
6450,Strada,MONTEVACCINO,D,1,,15,,68,6
6450,Strada,MONTEVACCINO,P,2,,60,,68,6
3630,Via,MOR,D,3,,11,,11,12
3630,Via,MOR,P,2,,12,,11,12
1970,Via,MORONE,D,1,,19,,7,12
1970,Via,MORONE,P,2,,12,,7,12
1980,Vicolo,MOROSANTE,P,2,,10,,1,12
3690,Piazza,MOSNA,D,1,,25,,3,12
3690,Piazza,MOSNA,P,2,,24,,3,12
8235,Via,MOSNA DI VIGOLO,D,1,,11,,80,3
8235,Via,MOSNA DI VIGOLO,P,6,,26,,80,3
1990,Piazza,MOSTRA,D,3,,33,,5,12
1990,Piazza,MOSTRA,P,6,,32,,5,12
8236,Strada,MUR,P,4,,10,,80,3
8023,Via,MURA,D,1,,25,,77,3
8023,Via,MURA,P,4,,24,,77,3
940,Via,MURA A,D,1,,35,,1,12
950,Via,MURA B,D,5,,15,,3,12
950,Via,MURA B,P,2,,24,,3,12
3504,Via,MURALTA,D,1,,17,,22,11
3504,Via,MURALTA,D,19,,21,,70,6
3504,Via,MURALTA,P,2,,18,,70,6
2020,Via,MUREDEI,D,1,,59,,30,11
2020,Via,MUREDEI,P,2,,78,,30,11
8215,Via,NARóNCH,D,1,,5,,80,3
8215,Via,NARóNCH,P,2,,2,,80,3
7815,Via,NAZIONALE,D,1,,79,,54,8
7815,Via,NAZIONALE,P,4,,222,,54,8
7130,localita',NEGRANO,D,1,,25,,51,9
7130,localita',NEGRANO,P,2,,26,,51,9
2030,Piazza,NEGRELLI,D,3,,13,,20,11
2030,Piazza,NEGRELLI,P,2,,12,,20,11
7263,Via,NESPOLAR,D,7,,33,,51,9
7263,Via,NESPOLAR,P,4,,26,,51,9
6480,Via,NICODèMO,D,1,,3,,66,6
6480,Via,NICODèMO,P,4,,8,,66,6
7140,Piazza,NICOLINI,D,1,,7,,53,9
7140,Piazza,NICOLINI,P,2,,6,,53,9
2050,Via,NICOLODI,D,1,,29,,34,10
2050,Via,NICOLODI,P,2,,70,,34,10
5790,Via,NOCE,D,3,,11,,90,1
5790,Via,NOCE,P,4,,18,,90,1
7267,Via,NODE,D,3,,31,,52,9
7267,Via,NODE,P,6,,14,,52,9
8551,Via,NOGARé,D,1,,13,,82,2
8551,Via,NOGARé,P,2,,24,,82,2
8066,Strada,NORGE,D,3,,5,,78,3
8066,Strada,NORGE,D,9,,19,,76,4
8066,Strada,NORGE,D,21,,99,,78,3
8066,Strada,NORGE,P,2,,2,,78,3
8066,Strada,NORGE,P,6,,8,,76,4
8066,Strada,NORGE,P,12,,74,,78,3
8026,Via,NOVAI,D,3,A,15,,77,3
7865,Strada,NOVALINE,D,3,,23,,57,8
7865,Strada,NOVALINE,P,4,,66,,57,8
3350,Corso,NOVEMBRE (1918),D,1,,69,,22,11
3350,Corso,NOVEMBRE (1918),P,2,,74,,22,11
3350,Corso,NOVEMBRE (1918),P,96,,178,,25,11
5290,Via,NOVEMBRE (1918),D,7,,111,,87,1
5290,Via,NOVEMBRE (1918),D,93,2,93,2,88,1
5290,Via,NOVEMBRE (1918),P,22,,118,,87,1
2060,Vicolo,NUOTO,D,3,,15,,20,11
2060,Vicolo,NUOTO,P,4,,20,,20,11
8240,Via,NUOVA,D,1,,17,,80,3
8240,Via,NUOVA,P,2,,26,,80,3
2070,Via,OBERZINER,D,1,,19,,7,12
2070,Via,OBERZINER,P,2,,14,,7,12
3829,Via,ODORIZZI,D,7,,103,,45,10
3829,Via,ODORIZZI,P,2,,52,,45,10
3841,Viale,OLIVETTI,D,1,,29,,23,11
3841,Viale,OLIVETTI,P,2,,38,,23,11
6290,Via,OLIVI,D,1,,31,3,65,6
6290,Via,OLIVI,P,2,,38,,65,6
2080,Viale,OLMI,P,2,,44,,42,10
7475,Piazza,OLTRECASTELLO,D,1,,7,,60,7
7475,Piazza,OLTRECASTELLO,P,2,,8,,60,7
8319,Strada,OMALGA,D,3,,19,,98,3
8319,Strada,OMALGA,P,2,,2,,98,3
2090,Via,ONESTINGHEL,D,1,,13,,35,10
2090,Via,ONESTINGHEL,P,4,,12,,35,10
5760,Via,ORADINI,D,3,,15,,86,1
5760,Via,ORADINI,P,2,,28,,86,1
2100,Via,ORBI,D,1,,25,,4,12
2100,Via,ORBI,P,2,,16,,4,12
2110,Via,ORFANE,D,1,,23,,1,12
2110,Via,ORFANE,P,2,,8,,1,12
2120,Via,ORIOLA,D,1,,39,,4,12
2120,Via,ORIOLA,P,2,,38,,4,12
2130,Via,ORNE,D,1,,9,,2,12
2130,Via,ORNE,P,2,,34,,2,12
2140,Via,ORSI,D,1,,11,,36,10
2150,Vicolo,ORSOLINE,D,1,,7,,1,12
2150,Vicolo,ORSOLINE,P,2,,2,,1,12
2160,Via,ORTI,D,5,,27,,1,12
2160,Via,ORTI,P,8,,24,,17,11
2170,Via,ORTIGARA,D,1,,7,,27,11
2170,Via,ORTIGARA,P,2,,8,,27,11
8492,Via,OSELéRE,D,3,,47,,83,2
8492,Via,OSELéRE,P,4,,28,,83,2
2180,Via,OSS MAZZURANA,D,3,,83,,2,12
2180,Via,OSS MAZZURANA,P,2,,92,,2,12
3806,Via,OSSANNA,D,1,,5,,39,10
3806,Via,OSSANNA,P,2,,22,,39,10
6470,Via,OSSERVATORIO,D,3,,39,,66,6
6470,Via,OSSERVATORIO,P,2,,44,,66,6
8027,Piazza,OVéNO,D,1,,21,,77,3
8027,Piazza,OVéNO,P,8,,20,,77,3
3807,Tangenziale,OVEST,D,9,,9,,72,5
6407,Via,PéZ,D,3,,11,,63,6
6407,Via,PéZ,P,6,,40,,63,6
2190,Via,PADOVA,D,1,,9,,32,10
2190,Via,PADOVA,P,2,,20,1,32,10
7395,Via,PAHO,D,1,,9,,59,7
7395,Via,PAHO,P,2,,20,,59,7
8028,Via,PALù,D,1,,13,,78,3
8028,Via,PALù,P,2,,16,,78,3
7704,Strada,PALAZZI,D,3,,25,,54,8
7704,Strada,PALAZZI,D,31,,31,,45,10
7704,Strada,PALAZZI,D,41,,49,,54,8
7704,Strada,PALAZZI,P,2,,54,,54,8
5781,Via,PALAZZINE,D,1,,105,,89,1
5781,Via,PALAZZINE,P,4,,24,,89,1
2200,Via,PALERMO,D,3,,25,A,33,10
2200,Via,PALERMO,P,4,,26,,33,10
8015,Cima,PALON - VASON,D,1,,1,,78,3
5260,Via,PALUDI,D,1,B,63,,84,1
5260,Via,PALUDI,P,2,,46,,84,1
8476,Via,PALUSTèI,D,1,,73,,82,2
8476,Via,PALUSTèI,P,4,,16,,82,2
2220,Via,PANCHERI,D,3,,7,,11,12
2220,Via,PANCHERI,P,2,,18,,11,12
7390,Via,PANTé,D,1,,25,,59,7
7390,Via,PANTé,P,2,,24,,59,7
2230,Via,PAPIRIA,D,5,,35,,16,12
2230,Via,PAPIRIA,P,2,,8,,16,12
2250,Via,PARADISI,D,1,,15,5,23,11
2250,Via,PARADISI,P,2,,4,,23,11
5590,Via,PARIS,D,1,,21,,92,1
5590,Via,PARIS,P,2,,28,,92,1
8477,Vicolo,PARTELLONI,D,3,,15,,82,2
2240,Galleria,PARTIGIANI,D,1,,9,,4,12
2240,Galleria,PARTIGIANI,P,2,,10,,4,12
2260,Via,PASCOLI,D,1,,11,1,27,11
2260,Via,PASCOLI,P,6,,8,1,27,11
2270,Piazza,PASI,D,1,,23,,2,12
2270,Piazza,PASI,P,2,,24,,2,12
8130,Via,PASIèL,D,1,,1,,79,3
5720,Via,PASSIRIO,D,5,,19,,90,1
5720,Via,PASSIRIO,P,10,,10,,90,1
7340,localita',PASSO CIMIRLO,D,11,,103,,60,7
7340,localita',PASSO CIMIRLO,P,10,,104,,60,7
2280,Via,PASUBIO,D,1,,37,,32,10
2280,Via,PASUBIO,P,2,,36,,32,10
2300,Via,PECORI GIRALDI,D,7,,19,,33,10
2300,Via,PECORI GIRALDI,P,2,,8,,33,10
8464,Via,PEDERZOLLI,D,3,,19,,82,2
8464,Via,PEDERZOLLI,P,2,,8,,82,2
5270,Via,PEDROLLI,D,3,,5,,87,1
5270,Via,PEDROLLI,P,2,,12,,87,1
8029,Piazza,PEDROLLI,D,1,,3,,78,3
8029,Piazza,PEDROLLI,P,2,,4,,78,3
2310,Via,PEDROTTI,D,1,,17,,11,12
2310,Via,PEDROTTI,P,2,,14,,11,12
5625,Via,PEGORETTI,D,1,,11,,88,1
5625,Via,PEGORETTI,P,4,,10,,88,1
6300,Via,PELEGRINA,D,3,,47,,67,6
6300,Via,PELEGRINA,P,10,,42,,67,6
2320,Piazza,PELLICO,D,1,,9,,6,12
2320,Piazza,PELLICO,P,6,,12,,6,12
3808,Via,PERGHER,P,24,,24,,14,12
2330,Via,PERINI,D,1,,183,,24,11
2330,Via,PERINI,P,2,,72,,24,11
7935,Piazza,PERINI,D,1,,17,,56,8
7935,Piazza,PERINI,P,2,,18,,56,8
8461,Via,PERUGINI,D,3,,9,,83,2
8461,Via,PERUGINI,P,2,,34,,83,2
8537,Salita,PERUGINI,D,1,,5,,81,2
8537,Salita,PERUGINI,P,4,,16,,81,2
8031,Piazzale,PESA,D,3,,3,,77,3
8031,Piazzale,PESA,P,2,,10,,77,3
3848,Via,PESSINA,D,1,,15,,13,12
3848,Via,PESSINA,P,2,,8,,70,6
2350,Passaggio,PETERLONGO,P,2,,10,,3,12
2360,Via,PETRARCA,D,1,,9,,5,12
2360,Via,PETRARCA,P,4,,42,,5,12
3821,Via,PEZCOLLER,D,1,,15,,27,11
3821,Via,PEZCOLLER,P,4,,14,,27,11
7155,Via,PIANIZZA,D,1,,27,,53,9
7155,Via,PIANIZZA,P,2,,6,,53,9
2370,Via,PIAVE,D,1,,21,,19,11
2370,Via,PIAVE,P,2,,92,,19,11
2370,Via,PIAVE,P,106,,106,,17,11
2370,Via,PIAVE,P,108,,108,,19,11
8315,Strada,PIAZZAMANA,P,2,,4,,98,3
8032,Via,PIAZZE,D,7,,75,,78,3
8032,Via,PIAZZE,P,6,,52,,78,3
2380,localita',PIAZZINA,D,1,,19,2,13,12
2380,localita',PIAZZINA,P,2,,20,3,13,12
8955,Via,PIAZZOLE,D,1,,33,,95,5
8955,Via,PIAZZOLE,P,2,,84,,95,5
6408,Via,PICCOLI,D,1,,7,,63,6
6408,Via,PICCOLI,P,4,,6,,63,6
2390,Piazza,PIEDICASTELLO,D,1,,29,,16,12
2390,Piazza,PIEDICASTELLO,P,2,,28,,16,12
2400,Vicolo,PIEDICASTELLO,D,5,,5,,15,12
2400,Vicolo,PIEDICASTELLO,P,2,,12,,15,12
2430,Via,PIETRASTRETTA,D,53,,151,,4,12
2430,Via,PIETRASTRETTA,P,18,,76,,4,12
2440,Sottoportico,PIEVANO,D,1,,13,,17,11
2440,Sottoportico,PIEVANO,P,2,,12,,17,11
6419,Via,PILA,D,3,,21,,65,6
6419,Via,PILA,P,10,,22,,65,6
2450,Via,PILATI,D,1,,27,,20,11
2450,Via,PILATI,P,2,,8,,20,11
7480,Via,PINARA,D,1,,5,,59,7
7480,Via,PINARA,P,2,,16,A,59,7
5560,Via,PIOPPETO,D,3,,57,,92,1
5560,Via,PIOPPETO,P,2,,56,,92,1
5550,Via,PóNT DEI VòDI,D,1,,45,,93,1
5550,Via,PóNT DEI VòDI,P,2,,120,,93,1
5520,Via,POLA,D,1,,39,,88,1
5520,Via,POLA,P,2,,8,,88,1
7730,Via,POLI,D,1,,57,,54,8
7730,Via,POLI,P,2,,58,,54,8
5600,Via,POLO,D,21,,25,,88,1
8911,Via,POMARI,D,5,,5,,95,5
8911,Via,POMARI,D,9,,13,,56,8
8911,Via,POMARI,D,15,,57,,95,5
8911,Via,POMARI,P,6,,58,,95,5
7990,Via,POMERANOS,D,1,,213,,55,8
7990,Via,POMERANOS,P,2,,112,,55,8
8489,Via,POMPEI,D,3,,19,,83,2
8489,Via,POMPEI,P,2,,20,,83,2
2460,Via,PONTARA,D,1,,23,,5,12
2460,Via,PONTARA,P,2,,12,,5,12
8497,Via,PONTAT,D,1,,9,,82,2
8497,Via,PONTAT,P,6,,22,,82,2
8800,Via,PONTE,D,1,,49,,74,5
8800,Via,PONTE,P,2,,16,,74,5
6310,Via,PONTE ALTO,D,3,,79,,97,6
6310,Via,PONTE ALTO,P,2,,28,,97,6
8414,Via,PORFIDO,D,5,,79,,96,2
8414,Via,PORFIDO,P,2,,38,,96,2
2470,Largo,PORTA NUOVA,D,9,,9,,1,12
2470,Largo,PORTA NUOVA,P,2,,2,,20,11
8935,Via,PORTE,D,1,,109,,75,5
8935,Via,PORTE,P,4,,26,,75,5
2480,Piazza,PORTELLA,D,1,,11,,1,12
5280,Via,PORTICI,D,1,,13,,90,1
8481,Vicolo,PORTONI,D,1,,21,,82,2
8481,Vicolo,PORTONI,P,2,,8,,82,2
8131,Via,POSTA,D,1,,27,,80,3
8131,Via,POSTA,P,2,,46,,80,3
8538,Vicolo,POSTA VECCHIA,P,2,,2,,81,2
6320,Via,POZATI,D,1,,55,,63,6
6320,Via,POZATI,P,2,,6,,63,6
8033,Via,POZZA,D,1,,47,,78,3
8033,Via,POZZA,P,2,,108,,78,3
7145,Strada,POZZATA,D,1,,149,,53,9
7145,Strada,POZZATA,P,6,,26,,53,9
2490,Via,POZZO,P,30,,30,,3,12
8915,Via,PRéDE,D,5,,25,,75,5
8915,Via,PRéDE,P,2,,30,,75,5
8510,Via,PRA DE L'AGNèLA,D,3,,17,,81,2
8510,Via,PRA DE L'AGNèLA,P,6,,30,,81,2
8067,Via,PRA DE LA FAVA,D,3,,15,,77,3
8067,Via,PRA DE LA FAVA,D,19,,19,,76,4
8067,Via,PRA DE LA FAVA,P,2,,62,,77,3
8067,Via,PRA DE LA FAVA,P,64,,66,,76,4
6476,Via,PRA DEI FRATI,D,1,,23,,64,6
8657,Strada,PRA DEL BòTER,D,1,,15,,78,3
8657,Strada,PRA DEL BòTER,P,2,,2,,76,4
8657,Strada,PRA DEL BòTER,P,4,,30,,78,3
8037,Via,PRAòL,D,7,,55,,77,3
8037,Via,PRAòL,P,2,,80,,77,3
6330,Via,PRADìSCOLA,D,1,,1,,97,6
6330,Via,PRADìSCOLA,P,8,,22,,97,6
6422,Via,PRADESTèI,D,1,,9,,65,6
6422,Via,PRADESTèI,P,4,,54,,65,6
5695,Via,PRAGA,D,1,,31,,93,1
5695,Via,PRAGA,P,6,,20,,93,1
8036,Via,PRAI,P,4,,10,,78,3
8519,Via,PRALUNGO,D,3,,9,,83,2
6453,Via,PRAMòRGHEN,D,1,,5,,68,6
6453,Via,PRAMòRGHEN,D,11,,11,,81,2
6453,Via,PRAMòRGHEN,D,15,,15,,68,6
6453,Via,PRAMòRGHEN,P,6,,32,,68,6
8539,Strada,PRAMALGA,D,3,,3,,83,2
8539,Strada,PRAMALGA,P,4,,8,,83,2
2495,Via,PRANZELORES,D,3,,123,,12,12
2495,Via,PRANZELORES,P,6,,92,,12,12
2500,Largo,PRATI,D,1,,9,,25,11
2500,Largo,PRATI,P,2,,10,,25,11
2510,Via,PRATI,D,1,,13,,21,11
2510,Via,PRATI,P,2,,50,,21,11
6423,Piazza,PREDARòI,D,1,,7,,65,6
6423,Piazza,PREDARòI,P,4,,8,,65,6
3640,Via,PREDARA,D,1,,25,,5,12
3640,Via,PREDARA,P,2,,28,,5,12
2530,Via,PREPOSITURA,D,17,,17,,3,12
2530,Via,PREPOSITURA,P,20,,76,,3,12
5510,Piazzetta,PROFUGHI IN MORAVIA,D,1,,11,,89,1
5510,Piazzetta,PROFUGHI IN MORAVIA,P,4,,10,,89,1
8820,Via,PROVINA,D,1,,9,,74,5
8820,Via,PROVINA,P,2,,26,,74,5
6409,Via,PRUNER,D,3,,19,,97,6
6409,Via,PRUNER,P,2,,2,,97,6
8132,Piazza,RéGOLA,D,1,,21,,79,3
8132,Piazza,RéGOLA,P,4,,20,,79,3
7984,Via,RéGOLE,D,1,,101,,57,8
7984,Via,RéGOLE,P,4,,150,,57,8
5635,Via,RòSTE,D,3,,33,,88,1
5635,Via,RòSTE,P,4,,46,,88,1
6424,Via,RAFAèI,P,2,,8,,65,6
3030,Piazza,RAFFAELLO SANZIO,D,1,,15,,5,12
3030,Piazza,RAFFAELLO SANZIO,P,2,,4,,5,12
2540,Via,RAGAZZI DEL '99,D,23,,27,,44,10
2550,Via,RANZI,D,1,,7,,36,10
2550,Via,RANZI,P,2,,18,,36,10
3816,Piazzetta,RASMO,D,1,,3,,6,12
8624,Via,RATINI,D,1,,23,,76,4
8624,Via,RATINI,P,2,,12,,76,4
2560,Via,RAVENNA,D,1,,15,2,36,10
2560,Via,RAVENNA,P,2,,18,,36,10
7440,Via,REDóNDOLO,D,1,,19,,59,7
7440,Via,REDóNDOLO,P,2,,40,,59,7
8625,Via,REFLETóR - CANDRIAI,D,3,,23,,76,4
2570,Via,REGINA PACIS,D,1,,3,,34,10
2570,Via,REGINA PACIS,P,4,,4,,34,10
8038,Via,REGOLIN,D,5,,25,,77,3
8038,Via,REGOLIN,P,2,,22,,77,3
2580,Via,REICH,D,7,,7,,8,12
2580,Via,REICH,P,10,,12,,8,12
7485,Via,RESISTENZA,D,1,,87,,60,7
7485,Via,RESISTENZA,P,2,,96,,60,7
8039,Via,REVòLTA,D,3,,35,,77,3
8039,Via,REVòLTA,P,4,,20,,77,3
8041,Via,RI,D,1,,59,,77,3
8041,Via,RI,P,2,,26,,77,3
3585,Salita,RICCI,D,9,,15,,13,12
3585,Salita,RICCI,P,2,,10,,13,12
5725,Via,RIENZA,P,2,,24,,90,1
8970,Via,RIMONI,D,1,,11,,95,5
8970,Via,RIMONI,P,4,,50,,95,5
8520,Vicolo,RIO,D,1,,7,,83,2
8520,Vicolo,RIO,P,4,,12,,83,2
8540,Via,RIO PAPA,D,1,,13,,83,2
8540,Via,RIO PAPA,P,4,,16,,83,2
7785,Via,RIO STOLZANO,D,1,,23,,57,8
7785,Via,RIO STOLZANO,P,2,,20,,57,8
6492,Via,RIPARO GABAN,D,3,,11,,70,6
6492,Via,RIPARO GABAN,P,4,,14,,70,6
7355,Via,RIVI,D,1,,41,,61,7
7355,Via,RIVI,P,4,,14,,61,7
2590,Via,RIZZI,D,5,,5,,1,12
7285,Via,ROBERTI,D,1,,143,,53,9
7285,Via,ROBERTI,P,6,,18,,53,9
2600,Viale,ROBINIE,D,7,,7,,37,10
2600,Viale,ROBINIE,P,2,,38,,37,10
2610,Via,ROCCABRUNA,P,2,,2,,2,12
2630,Vicolo,ROGGE,D,1,,7,,4,12
2630,Vicolo,ROGGE,P,2,,4,,4,12
8466,Vicolo,ROGGIA,D,3,,5,,82,2
8466,Vicolo,ROGGIA,P,2,,4,,82,2
2620,Via,ROGGIA GRANDE,D,1,,27,,4,12
2620,Via,ROGGIA GRANDE,P,2,,30,,4,12
2640,Via,ROMA,D,1,,57,,3,12
2640,Via,ROMA,P,2,,86,,3,12
2650,Via,ROMAGNOSI,D,1,,19,,6,12
2650,Via,ROMAGNOSI,P,2,,36,,6,12
5300,localita',RONCAFÒRT,D,1,,51,,85,1
5300,localita',RONCAFÒRT,P,2,,84,,85,1
7490,Via,RONCHI,D,1,,47,,60,7
7490,Via,RONCHI,P,2,,70,,60,7
8626,Via,RONCO D'ANDREA,D,3,,3,,76,4
8626,Via,RONCO D'ANDREA,P,2,,18,,76,4
8467,Salita,RONZèL,D,1,,5,,82,2
8467,Salita,RONZèL,P,4,,4,,82,2
8541,Via,ROSETTI,D,1,,39,,83,2
8541,Via,ROSETTI,P,2,,2,,83,2
2670,Via,ROSMINI,D,13,,15,,2,12
2670,Via,ROSMINI,D,41,,69,,17,11
2670,Via,ROSMINI,P,8,,34,,2,12
2670,Via,ROSMINI,P,58,,128,,17,11
2660,Via,ROVERETI,D,1,,11,,25,11
2660,Via,ROVERETI,P,4,,18,,25,11
2680,Viale,ROVERETO,D,1,,69,,22,11
2680,Viale,ROVERETO,P,2,,2,,22,11
7820,Via,ROZòLA,D,5,,167,,58,8
7820,Via,ROZòLA,P,12,,52,,58,8
5779,Via,RUATTI,P,6,,16,,93,1
3511,Piazzale,RUSCONI,D,3,,5,,10,12
3511,Piazzale,RUSCONI,P,2,,2,,10,12
8043,Via,SàLES,D,1,,43,,78,3
8043,Via,SàLES,P,2,,26,,78,3
6340,Via,SABBIONARE,D,1,,25,9,71,6
6340,Via,SABBIONARE,P,2,,76,,71,6
7345,Via,SABBIONI,D,3,,45,,62,7
7345,Via,SABBIONI,P,2,,36,,62,7
8042,Piazza,SACRO CUORE,D,5,,11,,77,3
8042,Piazza,SACRO CUORE,P,2,,8,,77,3
7350,Via,SALé,D,1,,131,,59,7
7350,Via,SALé,P,2,,52,,59,7
5705,Via,SALISBURGO,D,9,,19,,93,1
5705,Via,SALISBURGO,P,4,,20,,93,1
5570,Via,SALORNO,D,1,,1,,90,1
5570,Via,SALORNO,P,2,,10,,90,1
5783,Via,SALTERIO,P,4,,18,,88,1
8542,Vicolo,SALTORI,D,1,,15,,83,2
8542,Vicolo,SALTORI,P,2,,10,,83,2
2690,Via,SALUGA,D,1,,11,,17,11
2690,Via,SALUGA,P,2,,54,,17,11
8468,Via,SALVADORI ZANATTA,D,3,,7,,82,2
8468,Via,SALVADORI ZANATTA,P,2,,14,,82,2
2700,Via,SAN BARTOLAMEO,D,1,,59,,42,10
2700,Via,SAN BARTOLAMEO,P,2,,12,,42,10
2720,Passaggio,SAN BENEDETTO,D,1,,31,,1,12
2720,Passaggio,SAN BENEDETTO,P,2,,24,,1,12
2730,Via,SAN BERNARDINO,D,1,,19,,23,11
2730,Via,SAN BERNARDINO,P,2,,30,1,23,11
3890,Via,SAN DANIELE COMBONI,D,1,,35,,12,12
3890,Via,SAN DANIELE COMBONI,P,4,,8,,12,12
6471,Piazza,SAN DONà,D,1,,21,,64,6
6471,Piazza,SAN DONà,P,2,,22,,64,6
6425,Via,SAN FABIANO,D,1,,31,,65,6
6425,Via,SAN FABIANO,P,2,,16,,65,6
2740,Belvedere,SAN FRANCESCO,D,1,,3,,20,11
2740,Belvedere,SAN FRANCESCO,P,2,,2,,20,11
2750,Via,SAN FRANCESCO D'ASSISI,P,2,,14,,4,12
2760,Via,SAN GIORGIO,P,8,,10,,16,12
2770,Via,SAN GIOVANNI,D,1,,15,,3,12
2770,Via,SAN GIOVANNI,P,2,,36,5,3,12
2780,Via,SAN GIOVANNI BOSCO,D,1,,15,,23,11
2780,Via,SAN GIOVANNI BOSCO,P,4,,10,,23,11
5310,Via,SAN GIOVANNI NEPOMUCENO,D,3,,9,,92,1
5310,Via,SAN GIOVANNI NEPOMUCENO,P,12,,18,,92,1
8543,Piazzetta,SAN LAZZARO,D,1,,5,,81,2
8543,Piazzetta,SAN LAZZARO,P,4,,4,,81,2
8260,Piazza,SAN LEONARDO,D,1,,15,,80,3
8260,Piazza,SAN LEONARDO,P,2,,16,,80,3
2800,Via,SAN MARCO,D,1,,37,,4,12
2800,Via,SAN MARCO,P,2,,74,,4,12
2810,Vicolo,SAN MARCO,D,1,,3,,4,12
2810,Vicolo,SAN MARCO,P,2,,26,,4,12
8830,Rione,SAN MARCO,D,1,,77,,73,5
2820,Via,SAN MARTINO,D,1,,85,,5,12
2820,Via,SAN MARTINO,P,2,,92,,5,12
2830,Vicolo,SAN MARTINO,D,3,,13,,5,12
2830,Vicolo,SAN MARTINO,P,2,,8,,5,12
8133,Via,SAN MICHELE,D,3,,43,,80,3
8133,Via,SAN MICHELE,P,2,,40,,80,3
2850,Lungadige,SAN NICOLò,P,4,,14,,16,12
2860,Via,SAN PIETRO,D,1,,71,,4,12
2860,Via,SAN PIETRO,P,2,,84,,4,12
2870,Vicolo,SAN PIETRO,D,1,,5,,4,12
2870,Vicolo,SAN PIETRO,P,2,,10,,4,12
2880,Via,SAN PIO X,D,1,,117,,29,11
2880,Via,SAN PIO X,P,2,,64,,29,11
7150,Via,SAN ROCCO,D,1,,25,,52,9
7150,Via,SAN ROCCO,P,2,,20,,52,9
5490,Via,SAN SEBASTIAN,D,1,,21,,90,1
5490,Via,SAN SEBASTIAN,P,2,,22,,90,1
6426,Via,SAN SEBASTIANO,D,1,,7,,65,6
6426,Via,SAN SEBASTIANO,P,2,,36,,65,6
8044,Piazzetta,SAN VALENTINO,D,1,,9,,78,3
8044,Piazzetta,SAN VALENTINO,P,2,,8,,78,3
2920,Via,SAN VIGILIO,D,1,,27,,2,12
2920,Via,SAN VIGILIO,P,2,,30,,2,12
3824,Via,SAN VINCENZO,D,3,,3,,44,10
3824,Via,SAN VINCENZO,D,7,,33,,55,8
3824,Via,SAN VINCENZO,P,2,,52,,44,10
3824,Via,SAN VINCENZO,P,60,,144,,55,8
6360,Via,SAN VITO,D,1,,197,,67,6
6360,Via,SAN VITO,P,8,,36,,67,6
7410,Salita,SANT'AGATA,D,1,,51,,62,7
5101,Via,SANT'ANNA,D,3,,95,,91,1
5101,Via,SANT'ANNA,P,2,,84,,91,1
5101,Via,SANT'ANNA,P,64,6,64,6,81,2
2930,Via,SANT'ANTONIO,D,1,,27,,32,10
2930,Via,SANT'ANTONIO,P,2,,22,,32,10
2940,Piazzetta,SANT'APOLLINARE,D,3,,3,,16,12
2940,Piazzetta,SANT'APOLLINARE,P,4,,4,,16,12
8940,Via,SANTA BRIGIDA,D,1,,49,,75,5
8940,Via,SANTA BRIGIDA,P,2,,72,,75,5
2950,Via,SANTA CROCE,D,1,,79,,18,11
2950,Via,SANTA CROCE,P,2,,94,,18,11
8544,Vicolo,SANTA GIULIANA,D,1,,13,,81,2
8544,Vicolo,SANTA GIULIANA,P,2,,10,,81,2
7400,Salita,SANTA LUCIA,P,2,,10,,61,7
2960,Via,SANTA MARGHERITA,D,1,,15,,2,12
2960,Via,SANTA MARGHERITA,P,2,,28,,2,12
2970,Via,SANTA MARIA MADDALENA,D,1,,19,,6,12
2970,Via,SANTA MARIA MADDALENA,P,2,,16,,6,12
2980,Vicolo,SANTA MARIA MADDALENA,D,1,,23,,6,12
2980,Vicolo,SANTA MARIA MADDALENA,P,2,,24,,6,12
2990,Piazza,SANTA MARIA MAGGIORE,D,1,,41,,1,12
2990,Piazza,SANTA MARIA MAGGIORE,P,6,,40,,1,12
8840,Via,SANTA MARINA,D,21,,39,,73,5
8840,Via,SANTA MARINA,P,4,,52,,73,5
3710,Piazza,SANTA TERESA VERZERI,D,5,,7,,2,12
3710,Piazza,SANTA TERESA VERZERI,P,4,,8,,2,12
3000,Via,SANTA TRINITà,D,1,,33,,2,12
3000,Via,SANTA TRINITà,P,2,,44,,2,12
3020,Via,SANTI COSMA E DAMIANO,D,1,,103,,15,12
3020,Via,SANTI COSMA E DAMIANO,P,2,,94,,15,12
8627,Piazza,SANTI FILIPPO E GIACOMO,D,5,,13,,76,4
8627,Piazza,SANTI FILIPPO E GIACOMO,P,4,,10,,76,4
8421,Via,SANTI PIETRO E PAOLO,D,3,,35,,83,2
8421,Via,SANTI PIETRO E PAOLO,P,6,,26,,83,2
7160,Via,SARTORI,D,1,,37,,51,9
7160,Via,SARTORI,P,2,,42,,51,9
3040,Piazzetta,SAS(S),D,1,,7,,4,12
3040,Piazzetta,SAS(S),P,2,,8,,4,12
3050,Largo,SAURO,D,1,,73,,5,12
3050,Largo,SAURO,P,2,,72,,5,12
3060,Via,SCALA,P,2,,4,,16,12
3070,Via,SCHIVABRIGA,D,1,,1,,2,12
3070,Via,SCHIVABRIGA,P,2,,2,,2,12
3650,Via,SCHMID,D,1,,5,,10,12
3650,Via,SCHMID,P,2,,28,,10,12
3080,Via,SCOPOLI,D,1,,61,,9,12
3080,Via,SCOPOLI,P,2,,36,,9,12
5330,Via,SCUOLE,D,1,,13,,90,1
5330,Via,SCUOLE,P,2,,4,,90,1
3090,Via,SECONDO DA TRENTO,D,1,,7,,5,12
3090,Via,SECONDO DA TRENTO,P,2,,2,,5,12
3100,Via,SEGANTINI,D,3,,27,,6,12
3100,Via,SEGANTINI,P,2,,18,,6,12
8045,Via,SEGATI,D,3,,27,,78,3
8045,Via,SEGATI,P,2,,22,,78,3
7500,Via,SELVA,D,1,,47,,60,7
7500,Via,SELVA,P,2,,38,,60,7
8046,Via,SELVA DI VASON,D,7,,61,,77,3
8046,Via,SELVA DI VASON,P,2,,46,,77,3
3660,Via,SENESI,D,3,,3,,10,12
3660,Via,SENESI,P,4,,10,,10,12
7545,Via,SENTéR,D,3,,9,,62,7
7545,Via,SENTéR,P,4,,18,,62,7
3580,,SENZA FISSA DIMORA,P,0,,0,,1,12
3110,Via,SERAFINI,D,1,,11,,20,11
3110,Via,SERAFINI,P,2,,18,,20,11
6370,Via,SERAFINI,D,1,,23,,69,6
6370,Via,SERAFINI,P,2,,60,,69,6
8960,Via,SETTE FONTANE,D,1,,65,,95,5
8960,Via,SETTE FONTANE,P,2,,36,,95,5
8216,Via,SETTEMBRE (1703),D,3,,25,,80,3
8216,Via,SETTEMBRE (1703),P,4,,22,,80,3
6472,Via,SETTEMBRE (1959),D,1,,17,,64,6
6472,Via,SETTEMBRE (1959),P,2,,8,,64,6
3120,Via,SIGHELE,D,1,,11,,31,11
3120,Via,SIGHELE,P,2,,4,,31,11
2910,Via,SIMONINO,D,1,,19,,4,12
2910,Via,SIMONINO,P,2,,20,,4,12
8213,Strada,Só CA,D,11,,11,,80,3
8213,Strada,Só CA,P,2,,10,,80,3
8139,Via,SLOP,D,5,,23,,80,3
3130,Salita,SODEGERIO DA TITO,D,1,,9,,6,12
3130,Salita,SODEGERIO DA TITO,P,2,,14,,6,12
3150,Via,SOLTERI,D,1,,105,,13,12
3150,Via,SOLTERI,P,2,,86,,13,12
7505,Via,SOMMARIVE,D,11,,11,,59,7
7505,Via,SOMMARIVE,P,2,,18,,59,7
8529,Piazza,SONTACCHI,D,3,,15,,81,2
8529,Piazza,SONTACCHI,P,2,,14,,81,2
8068,Strada,SOPRAMONTE,D,3,,7,,78,3
8068,Strada,SOPRAMONTE,P,2,,34,,78,3
8068,Strada,SOPRAMONTE,P,40,,40,,79,3
5340,Via,SOPRASASSO,D,1,,35,,89,1
5340,Via,SOPRASASSO,P,2,,90,,89,1
8134,Strada,SORAVàL,D,9,,19,,79,3
8134,Strada,SORAVàL,P,20,,24,,79,3
3140,Via,SORDO,D,1,,11,,30,11
3140,Via,SORDO,P,2,,8,,30,11
3160,Salita,SPALLIERA,D,1,,13,,6,12
3160,Salita,SPALLIERA,P,2,,8,,6,12
3505,Via,SPALLIERA,D,1,,7,,70,6
3505,Via,SPALLIERA,D,15,,21,,70,6
3505,Via,SPALLIERA,P,2,,28,,6,12
8628,Largo,SPIAZZòLA,D,1,,9,,76,4
8628,Largo,SPIAZZòLA,P,4,,12,,76,4
8521,Salita,SPIAZZI,D,1,,7,,83,2
8521,Salita,SPIAZZI,P,4,,14,,83,2
8048,Strada,SPINéDA,D,5,,7,,77,3
8048,Strada,SPINéDA,P,2,,22,,77,3
5660,Via,SPINI,D,9,,29,,88,1
5660,Via,SPINI,P,4,,50,,88,1
7385,Via,SPRé,D,1,,7,,62,7
7385,Via,SPRé,P,2,,76,,62,7
8546,Piazza,STAINER,D,1,,9,,83,2
8546,Piazza,STAINER,P,2,,10,,83,2
8135,Strada,STAPIANA,D,3,,3,,79,3
8135,Strada,STAPIANA,P,4,,4,,79,3
7780,Via,STAZIONE,D,1,,31,,56,8
7780,Via,STAZIONE,P,2,,48,,56,8
8803,Via,STELLA,D,1,,63,,74,5
8803,Via,STELLA,D,67,,69,,55,8
8803,Via,STELLA,P,2,,18,,74,5
3818,Via,STELLA DI MAN,D,1,,57,,44,10
3818,Via,STELLA DI MAN,P,2,,16,,44,10
3730,Via,STENICO,P,2,,50,,14,12
3190,Via,STOPPANI,D,1,,7,,8,12
3190,Via,STOPPANI,P,2,,14,,8,12
7170,Strada,STRETTA,D,1,,21,,51,9
7170,Strada,STRETTA,P,2,,30,,51,9
3210,Via,SUFFRAGIO,D,1,,95,,6,12
3210,Via,SUFFRAGIO,P,2,,134,,6,12
8534,Via,SUGARINE,D,5,,29,,82,2
8534,Via,SUGARINE,P,4,,38,,82,2
8136,Strada,TéZ,D,5,,5,,79,3
8136,Strada,TéZ,P,8,,14,,79,3
7180,Strada,TABARELLE,D,1,,35,,53,9
7180,Strada,TABARELLE,P,2,,286,,53,9
5795,Via,TALVERA,D,5,,11,,87,1
5795,Via,TALVERA,P,4,,24,,87,1
7190,Via,TAMBOSI,D,1,,85,,52,9
7190,Via,TAMBOSI,P,2,,30,,52,9
3220,Via,TARAMELLI,D,1,,13,,24,11
3220,Via,TARAMELLI,P,2,,18,,24,11
6411,Via,TAVERNARO,D,3,,5,,97,6
6411,Via,TAVERNARO,P,2,,8,,97,6
3670,Passaggio,TEATRO OSELE,D,3,,13,,5,12
3670,Passaggio,TEATRO OSELE,P,4,,8,,5,12
6427,Largo,TEOFILO,D,1,,17,,65,6
6427,Largo,TEOFILO,P,4,,16,,65,6
3240,Vicolo,TERLAGO,D,3,,5,,1,12
3240,Vicolo,TERLAGO,P,14,,14,,1,12
7200,Via,TESSADRI,D,1,,81,,52,9
7200,Via,TESSADRI,P,2,,6,,52,9
3250,Viale,TIGLI,D,1,,17,1,40,10
3250,Viale,TIGLI,P,2,,30,,40,10
3260,Galleria,TIRRENA,P,10,,10,,1,12
8629,Via,TèRLI,D,3,,3,,76,4
8629,Via,TèRLI,P,2,,8,,76,4
5370,Via,TODESCA,D,1,,15,,92,1
5370,Via,TODESCA,P,2,,36,,92,1
3270,Via,TOFANE,D,1,,1,,35,10
3270,Via,TOFANE,P,2,,4,,35,10
5778,Lungavisio,TOMASI,D,1,,31,,93,1
5778,Lungavisio,TOMASI,P,4,,12,,93,1
6412,Piazza,TOMMASI,D,1,,5,,97,6
3280,Via,TONALE,D,1,,3,,34,10
3280,Via,TONALE,P,2,,8,,34,10
8469,Passaggio,TONETTA,D,1,,1,,82,2
8469,Passaggio,TONETTA,P,2,,10,,82,2
8270,Via,TONINI,D,1,,9,,80,3
8270,Via,TONINI,P,2,,12,,80,3
8631,Via,TORESèLA,D,1,,13,,76,4
8631,Via,TORESèLA,P,4,,8,,76,4
3290,Via,TORRE D'AUGUSTO,D,1,,41,,5,12
3290,Via,TORRE D'AUGUSTO,P,2,,40,,5,12
7750,Via,TORRE FRANCA,D,1,,97,,55,8
7750,Via,TORRE FRANCA,P,4,,66,,55,8
3300,Via,TORRE VANGA,P,4,,30,,3,12
3310,Via,TORRE VERDE,D,21,,27,,6,12
3310,Via,TORRE VERDE,P,8,,50,,6,12
5620,Via,TORRESANI,D,1,,9,,88,1
5620,Via,TORRESANI,P,2,,12,,88,1
7210,Via,TORRICELLE,D,3,,39,,51,9
7210,Via,TORRICELLE,P,22,,28,,51,9
3320,Via,TORRIONE,D,1,,15,,17,11
3320,Via,TORRIONE,P,2,,14,,17,11
5380,Via,TOSETTI,D,1,,15,,91,1
5380,Via,TOSETTI,P,2,,6,,91,1
3340,Via,TRAVAI,D,1,,31,,23,11
3340,Via,TRAVAI,P,2,,136,,23,11
8049,Strada,TRE CIME,D,5,,29,,77,3
8049,Strada,TRE CIME,P,2,,78,,77,3
8547,Via,TRE COLLI,D,1,,31,,83,2
8470,Via,TRE CROCI,D,7,,47,,96,2
8470,Via,TRE CROCI,P,2,,52,,96,2
3506,Via,TRENER,P,2,,38,,14,12
8422,Sponda,TRENTINA,D,3,,39,,81,2
8422,Sponda,TRENTINA,D,43,,71,,90,1
8422,Sponda,TRENTINA,P,4,,20,,90,1
7740,Via,TRENTINI,D,1,,15,,57,8
7740,Via,TRENTINI,P,2,,50,,57,8
8535,Via,TRENTINI,D,5,,9,,82,2
8535,Via,TRENTINI,P,2,,14,,82,2
3360,Viale,TRIESTE,D,1,,43,,19,11
8051,Via,TURCATI,D,1,,1,,77,3
8051,Via,TURCATI,P,2,,20,,77,3
3507,Via,UNTERVEGER,D,5,,9,,92,1
3507,Via,UNTERVEGER,P,4,,106,,16,12
3520,Vicolo,Vò,D,1,,27,,3,12
3520,Vicolo,Vò,P,2,,74,,3,12
7415,Via,VAL,D,1,,61,,62,7
7415,Via,VAL,P,2,,16,,62,7
6459,Strada,VAL CALDA,D,1,,37,,68,6
6459,Strada,VAL CALDA,P,2,,64,,68,6
8052,Via,VAL DEI MOLINI,D,5,,7,,77,3
8052,Via,VAL DEI MOLINI,P,6,,44,,77,3
8870,Via,VAL GOLA,P,2,,34,,74,5
8636,Via,VALéNE,D,1,,1,,76,4
8636,Via,VALéNE,P,2,,4,,76,4
7220,Via,VALDàCOLE,D,1,,11,,53,9
7220,Via,VALDàCOLE,P,2,,22,,53,9
8860,Via,VALEMBRAR,D,1,,41,,74,5
8860,Via,VALEMBRAR,P,2,,20,,74,5
520,Via,VALERIO MARIANO,D,1,,5,,16,12
520,Via,VALERIO MARIANO,P,2,,6,,16,12
7510,Via,VALóNI,D,9,,9,,59,7
7510,Via,VALóNI,P,14,,34,,59,7
7230,Via,VALNIGRA,D,3,,77,,50,9
7230,Via,VALNIGRA,P,2,,36,,50,9
7713,Via,VALSORDA,D,3,,35,,58,8
7713,Via,VALSORDA,P,4,,36,,58,8
6390,Strada,VALSUGANA,P,2,,24,,66,6
8653,Strada,VANéZE,D,3,,63,,76,4
8653,Strada,VANéZE,P,2,,6,,78,3
8653,Strada,VANéZE,P,10,,30,,76,4
8653,Strada,VANéZE,P,32,,36,,78,3
8653,Strada,VANéZE,P,38,,44,,76,4
8653,Strada,VANéZE,P,46,,58,,78,3
8653,Strada,VANéZE,P,60,,60,,76,4
3370,Via,VANNETTI,D,1,,45,,6,12
3370,Via,VANNETTI,P,2,,32,,6,12
5780,Via,VARSAVIA,P,6,,6,,93,1
6473,Via,VASCON,P,2,,8,,64,6
8053,Strada,VASON,D,3,,147,,77,3
8053,Strada,VASON,P,2,,142,,77,3
8498,Strada,VECCHIA,D,1,,1,,81,2
8498,Strada,VECCHIA,P,4,,4,,81,2
8471,Via,VECCHIE PONTARE,P,2,,38,,96,2
8054,Vicolo,VECCHIO,D,5,,9,,78,3
8054,Vicolo,VECCHIO,P,4,,18,,78,3
6400,Via,VEDUTA,D,1,,93,,63,6
6400,Via,VEDUTA,P,2,,176,,63,6
8055,Via,VEGIARA,D,1,,59,,78,3
8055,Via,VEGIARA,P,6,,32,,78,3
3819,Vicolo,VENCESLAO,D,1,,21,,4,12
3819,Vicolo,VENCESLAO,P,4,,18,,4,12
3400,Piazza,VENEZIA,D,1,,39,,4,12
3400,Piazza,VENEZIA,D,41,1,41,1,20,11
3400,Piazza,VENEZIA,P,2,,40,,4,12
3410,Via,VENEZIA,D,1,,61,,20,11
3410,Via,VENEZIA,D,67,,137,,66,6
3410,Via,VENEZIA,P,2,,12,,20,11
3410,Via,VENEZIA,P,14,,36,,66,6
3430,Via,VENTUNO,D,3,,7,,4,12
3430,Via,VENTUNO,P,14,,14,,4,12
3440,Via,VERDI,D,5,,79,,2,12
3440,Via,VERDI,P,6,,44,,18,11
3450,Viale,VERONA,D,1,,71,,32,10
3450,Viale,VERONA,D,73,,75,,38,10
3450,Viale,VERONA,D,77,,77,,32,10
3450,Viale,VERONA,D,81,,187,,38,10
3450,Viale,VERONA,P,2,,68,,32,10
3450,Viale,VERONA,P,72,,212,,38,10
3460,Via,VERRUCA,D,1,,25,,16,12
3460,Via,VERRUCA,P,2,,24,,16,12
8057,Strada,VIòTE,P,6,,8,,78,3
3470,Piazza,VICENZA,D,3,,21,,34,10
3470,Piazza,VICENZA,P,2,,12,,34,10
3480,Via,VICENZA,D,1,,27,,34,10
3480,Via,VICENZA,P,2,,32,A,34,10
5690,Via,VIENNA,D,3,,21,,88,1
5690,Via,VIENNA,P,2,,80,,88,1
5690,Via,VIENNA,P,82,,82,,93,1
5690,Via,VIENNA,P,84,,122,,88,1
8069,Strada,VIGOLO BASELGA,D,11,,23,,80,3
8069,Strada,VIGOLO BASELGA,P,4,,22,,80,3
7240,Via,VILLA,D,1,,45,,50,9
7240,Via,VILLA,P,2,,58,,50,9
7250,Via,VILLA BELFONTE,D,1,,13,,51,9
7250,Via,VILLA BELFONTE,P,2,,14,,51,9
8321,Via,VILLA DI BASELGA,D,11,,57,,98,3
8321,Via,VILLA DI BASELGA,P,4,,34,,98,3
7430,Via,VILLA MARIA,D,3,,57,,60,7
7430,Via,VILLA MARIA,P,4,,16,,60,7
7268,Via,VILLA PAROLARI,D,1,,7,,53,9
7268,Via,VILLA PAROLARI,P,2,,4,,53,9
7745,Via,VILLA VECCHIA,D,1,,23,,56,8
7745,Via,VILLA VECCHIA,P,4,,30,,56,8
6474,Via,VILLAGGIO SATELLITE,D,1,,7,,64,6
6474,Via,VILLAGGIO SATELLITE,P,2,,12,,64,6
6428,Via,VILLAMONTAGNA,D,1,,111,,97,6
6428,Via,VILLAMONTAGNA,P,4,,54,,97,6
8056,Via,VINCIA,D,17,,17,,78,3
8056,Via,VINCIA,P,2,,10,,78,3
3680,Via,VITTIME DELLE FOIBE,P,6,,50,,10,12
3490,Piazza,VITTORIA,D,1,,9,,2,12
3490,Piazza,VITTORIA,P,4,,8,,2,12
3510,Via,VITTORIO VENETO,D,7,,81,,26,11
3510,Via,VITTORIO VENETO,P,2,,170,,26,11
3500,Via,VIVALDI,D,1,,7,,29,11
3500,Via,VIVALDI,P,2,,16,,29,11
7515,Via,VOLPARE,D,1,,15,,62,7
7515,Via,VOLPARE,P,4,,16,,62,7
3525,Via,VOLTA,P,2,,110,,42,10
8137,Via,VOLTèI,D,3,,17,,79,3
8137,Via,VOLTèI,P,4,,4,,79,3
3834,Via,ZAMBOTTI,D,5,,11,,52,9
3834,Via,ZAMBOTTI,P,4,,18,,44,10
3535,Via,ZAMBRA,D,1,,11,,14,12
3535,Via,ZAMBRA,P,4,,44,,14,12
3530,Via,ZANDONAI,D,3,,5,,27,11
3530,Via,ZANDONAI,P,2,,6,,27,11
3540,Via,ZANELLA,D,1,,19,,2,12
3540,Via,ZANELLA,P,2,,16,,2,12
3550,Via,ZARA,D,1,,9,,21,11
3550,Via,ZARA,P,2,,54,,21,11
6495,Via,ZELL,D,5,,135,,66,6
6495,Via,ZELL,P,2,,94,,66,6
8634,Via,ZENI,D,3,,13,,76,4
8634,Via,ZENI,P,2,,6,,76,4
8635,Androna,ZIMóN,P,2,,14,,76,4
3560,Passaggio,ZIPPEL,D,1,,3,,2,12
3560,Passaggio,ZIPPEL,P,2,,10,,2,12
7115,Via,ZIVERANA,D,1,,7,,51,9
7115,Via,ZIVERANA,D,13,,19,,59,7
7115,Via,ZIVERANA,P,4,,18,,59,7
7502,Via,ZNOJMO,D,1,,5,,51,9
7502,Via,ZNOJMO,P,6,,12,,51,9
7502,Via,ZNOJMO,P,14,,24,,61,7
8058,Via,ZOPèI - NORGE,D,1,,45,,78,3
8058,Via,ZOPèI - NORGE,P,2,,14,,78,3
7284,Passaggio,ZULIAN,D,1,,1,,53,9
